"sid","instance","key","apical_class","zone","zone_um","surf","abs","mtic","citdha","dha_sn","dha_abs"
"AO_0h_sl6A_sec1a",1,"AO_0h_sl6A_sec1a 1","basolateral_out",1,10,0.497993335583224,1.152842638811e-05,3.0356601689903e-06,1.0233191564758e-06,0.272268197040161,2.33365033754153
"AO_0h_sl6A_sec1a",1,"AO_0h_sl6A_sec1a 1","basolateral_out",2,20,0.625725628607634,1.44853983640338e-05,5.28807850906781e-06,1.28579436048506e-06,0.159525832668357,1.36731912614161
"AO_0h_sl6A_sec1a",1,"AO_0h_sl6A_sec1a 1","basolateral_out",3,50,0.776298889786986,1.79711332795239e-05,8.53238463734133e-06,1.59520513289512e-06,0.0736765227786413,0.63149219820889
"AO_0h_sl6A_sec1a",1,"AO_0h_sl6A_sec1a 1","basolateral_out",4,80,0.67844717424741,1.57058895123013e-05,8.9650464891128e-06,1.39413108661617e-06,0.044087573596722,0.377881008960445
"AO_0h_sl6A_sec1a",1,"AO_0h_sl6A_sec1a 1","basolateral_out",5,160,0.837068871379886,1.93779437915161e-05,1.09728208996508e-05,1.72008047129672e-06,0.0341408218001372,0.292625951851745
"AO_0h_sl6A_sec1a",1,"AO_0h_sl6A_sec1a 1","basolateral_out",6,250,0.814615304761031,1.88581491046799e-05,1.2528163546588e-05,1.6739409685956e-06,0.0188264543701532,0.161364280048976
"AO_0h_sl6A_sec1a",1,"AO_0h_sl6A_sec1a 1","basolateral_out",7,500,NA,NA,NA,NA,NA,NA
"AO_0h_sl6A_sec1a",2,"AO_0h_sl6A_sec1a 2","mixed",1,10,0.679534336555918,1.0518487466199e-05,3.02795231505106e-06,8.21676658684337e-07,0.301505054149502,2.75470868878904
"AO_0h_sl6A_sec1a",2,"AO_0h_sl6A_sec1a 2","mixed",2,20,0.940337419793547,1.45554489773489e-05,5.17836173633188e-06,1.13703350598566e-06,0.192871976576316,1.76217977903364
"AO_0h_sl6A_sec1a",2,"AO_0h_sl6A_sec1a 2","mixed",3,50,0.407908473959865,6.31400054403303e-06,2.51746603834966e-06,4.93233165569093e-07,0.158755973193663,1.45047803589022
"AO_0h_sl6A_sec1a",2,"AO_0h_sl6A_sec1a 2","mixed",4,80,0.428609901487009,6.63443719346018e-06,2.98942172896286e-06,5.18264836355164e-07,0.135319972115433,1.23635440873318
"AO_0h_sl6A_sec1a",2,"AO_0h_sl6A_sec1a 2","mixed",5,160,1.16291250669653,1.8000680713162e-05,7.86200761799181e-06,1.40616597490508e-06,0.0986576776794754,0.901388411832857
"AO_0h_sl6A_sec1a",2,"AO_0h_sl6A_sec1a 2","mixed",6,250,NA,NA,NA,NA,NA,NA
"AO_0h_sl6A_sec1a",2,"AO_0h_sl6A_sec1a 2","mixed",7,500,NA,NA,NA,NA,NA,NA
"AO_0h_sl6A_sec1b",1,"AO_0h_sl6A_sec1b 1","basolateral_out",1,10,0.736506781605507,1.37130920181992e-05,3.06346448906864e-06,1.34993262241197e-06,0.323343460808368,2.80595078722716
"AO_0h_sl6A_sec1b",1,"AO_0h_sl6A_sec1b 1","basolateral_out",2,20,0.426631908267487,7.94350135272159e-06,2.82161968721026e-06,7.81967451103027e-07,0.167750626844013,1.45572761012096
"AO_0h_sl6A_sec1b",1,"AO_0h_sl6A_sec1b 1","basolateral_out",3,50,0.500339902851364,9.31587773465018e-06,5.40690585054632e-06,9.17065767787144e-07,0.053437970090417,0.463730776766481
"AO_0h_sl6A_sec1b",1,"AO_0h_sl6A_sec1b 1","basolateral_out",4,80,0.479614981854374,8.92999839748765e-06,7.04276818679067e-06,8.79079359990924e-07,0.0292572748092367,0.25389248039178
"AO_0h_sl6A_sec1b",1,"AO_0h_sl6A_sec1b 1","basolateral_out",5,160,0.363663590764397,6.77108807192498e-06,5.8962132573179e-06,6.66553733132204e-07,0.0152313785885766,0.132176783888945
"AO_0h_sl6A_sec1b",1,"AO_0h_sl6A_sec1b 1","basolateral_out",6,250,NA,NA,NA,NA,NA,NA
"AO_0h_sl6A_sec1b",1,"AO_0h_sl6A_sec1b 1","basolateral_out",7,500,NA,NA,NA,NA,NA,NA
"AO_0h_sl6A_sec2a",1,"AO_0h_sl6A_sec2a 1","mixed",1,10,0.520965492405836,1.19277845825677e-05,2.89937941986225e-06,8.82525522011733e-07,0.31866335481569,3.06818079941669
"AO_0h_sl6A_sec2a",1,"AO_0h_sl6A_sec2a 1","mixed",2,20,0.889829875296272,2.03731326208432e-05,5.80355549502075e-06,1.50738885136316e-06,0.218162404734461,2.10052926150858
"AO_0h_sl6A_sec2a",1,"AO_0h_sl6A_sec2a 1","mixed",3,50,0.488426635015596,1.11827899770299e-05,4.5265978940181e-06,8.27404074386913e-07,0.124563606474619,1.19933359112651
"AO_0h_sl6A_sec2a",1,"AO_0h_sl6A_sec2a 1","mixed",4,80,0.619592892336085,1.41859118433082e-05,6.43223364372984e-06,1.04960222647088e-06,0.0860315418505296,0.82833598799799
"AO_0h_sl6A_sec2a",1,"AO_0h_sl6A_sec2a 1","mixed",5,160,0.516715624001994,1.18304815642983e-05,6.08427894402498e-06,8.7532616353933e-07,0.0660186952417731,0.635646647417324
"AO_0h_sl6A_sec2a",1,"AO_0h_sl6A_sec2a 1","mixed",6,250,0.499779788108922,1.14427265110309e-05,7.28563166689026e-06,8.46636533170116e-07,0.0596589731846962,0.574413446893103
"AO_0h_sl6A_sec2a",1,"AO_0h_sl6A_sec2a 1","mixed",7,500,0.448310296534343,1.02643048746174e-05,7.66307239168985e-06,7.59446228664978e-07,0.0417172555700256,0.401665521340986
"AO_0h_sl6A_sec2a",2,"AO_0h_sl6A_sec2a 2","basolateral_out",1,10,0.62071702295739,2.07703012406384e-05,4.64045366932886e-06,2.47508336461433e-06,0.298846740105899,2.41154893532242
"AO_0h_sl6A_sec2a",2,"AO_0h_sl6A_sec2a 2","basolateral_out",2,20,0.333796116320919,1.11694147776201e-05,3.80517303145464e-06,1.33099815877853e-06,0.118645351859084,0.957410717799164
"AO_0h_sl6A_sec2a",2,"AO_0h_sl6A_sec2a 2","basolateral_out",3,50,0.397103417681123,1.32877902552548e-05,6.37179331107038e-06,1.58343339522286e-06,0.0624912135100215,0.504273927678436
"AO_0h_sl6A_sec2a",2,"AO_0h_sl6A_sec2a 2","basolateral_out",4,80,0.287459723369189,9.61891623413475e-06,5.75547450758696e-06,1.14623371519256e-06,0.0339328282219921,0.273821543919891
"AO_0h_sl6A_sec2a",2,"AO_0h_sl6A_sec2a 2","basolateral_out",5,160,0.241226933844888,8.0718844465424e-06,5.22933081062426e-06,9.61882385973148e-07,0.0184004716496231,0.148482924057845
"AO_0h_sl6A_sec2a",2,"AO_0h_sl6A_sec2a 2","basolateral_out",6,250,0.209571439321398,7.01263500942909e-06,5.18499858210243e-06,8.35657415502009e-07,0.00630541824855608,0.0508816815558358
"AO_0h_sl6A_sec2a",2,"AO_0h_sl6A_sec2a 2","basolateral_out",7,500,0.656478549457807,2.19669458480309e-05,2.07217868584079e-05,2.61768096716224e-06,0.00624186184162087,0.0503688120313993
"AO_0h_sl6A_sec2a",3,"AO_0h_sl6A_sec2a 3","apical_out",1,10,0.0895387942530501,1.04353090660948e-05,2.11375607372222e-06,7.82492761910183e-07,0.266588664026268,3.20185947891839
"AO_0h_sl6A_sec2a",3,"AO_0h_sl6A_sec2a 3","apical_out",2,20,0.0965520511499052,1.12526698971081e-05,2.74617549946363e-06,8.43782650890554e-07,0.184886148813762,2.22057254483158
"AO_0h_sl6A_sec2a",3,"AO_0h_sl6A_sec2a 3","apical_out",3,50,0.13065077827624,1.5226709968701e-05,5.38825027381793e-06,1.14177646898129e-06,0.121696220861702,1.4616307851567
"AO_0h_sl6A_sec2a",3,"AO_0h_sl6A_sec2a 3","apical_out",4,80,0.117421849210106,1.36849429104089e-05,5.48600684892305e-06,1.02616690188328e-06,0.0865781850760523,1.03984609985515
"AO_0h_sl6A_sec2a",3,"AO_0h_sl6A_sec2a 3","apical_out",5,160,0.100367213746899,1.16973084604164e-05,5.07288129594053e-06,8.77123920923978e-07,0.0706113815383387,0.848077025794976
"AO_0h_sl6A_sec2a",3,"AO_0h_sl6A_sec2a 3","apical_out",6,250,0.16384930330618,1.90958358835175e-05,9.91112593107786e-06,1.4319032878505e-06,0.0461387524349188,0.554148850885339
"AO_0h_sl6A_sec2a",3,"AO_0h_sl6A_sec2a 3","apical_out",7,500,NA,NA,NA,NA,NA,NA
"AO_0h_sl6A_sec2a",4,"AO_0h_sl6A_sec2a 4","basolateral_out",1,10,0.154055053182906,8.7391521743492e-06,1.80891116599314e-06,6.11618018457668e-07,0.24393081227184,2.81642676381596
"AO_0h_sl6A_sec2a",4,"AO_0h_sl6A_sec2a 4","basolateral_out",2,20,0.318815014374314,1.80855666108952e-05,4.93602144704683e-06,1.26573587375066e-06,0.127305503421271,1.46987018030819
"AO_0h_sl6A_sec2a",4,"AO_0h_sl6A_sec2a 4","basolateral_out",3,50,0.18368634434599,1.04200601176231e-05,4.64960726346439e-06,7.29257986839558e-07,0.0731549259363997,0.844647256299223
"AO_0h_sl6A_sec2a",4,"AO_0h_sl6A_sec2a 4","basolateral_out",4,80,0.298235040598144,1.69181169306791e-05,9.72952196761511e-06,1.1840307785861e-06,0.0424818828986304,0.490496099523752
"AO_0h_sl6A_sec2a",4,"AO_0h_sl6A_sec2a 4","basolateral_out",5,160,0.162398747446296,9.21246877356154e-06,5.88421439767351e-06,6.44743538501029e-07,0.041974593089346,0.484638928047245
"AO_0h_sl6A_sec2a",4,"AO_0h_sl6A_sec2a 4","basolateral_out",6,250,0.102735064373328,5.82789945964391e-06,3.80434478305483e-06,4.07871181112986e-07,0.0407945057028004,0.471013631315954
"AO_0h_sl6A_sec2a",4,"AO_0h_sl6A_sec2a 4","basolateral_out",7,500,NA,NA,NA,NA,NA,NA
"AO_0h_sl6A_sec2a",6,"AO_0h_sl6A_sec2a 6","basolateral_out",1,10,0.643420424727767,2.18673553101671e-05,4.21151060344851e-06,2.1827852043266e-06,0.3030199988336,3.19023036695729
"AO_0h_sl6A_sec2a",6,"AO_0h_sl6A_sec2a 6","basolateral_out",2,20,0.76368627128276,2.5954723222693e-05,6.26424702767915e-06,2.59078361463059e-06,0.175409668581371,1.84673372556344
"AO_0h_sl6A_sec2a",6,"AO_0h_sl6A_sec2a 6","basolateral_out",3,50,0.772969406780416,2.62702208577045e-05,9.28593529796314e-06,2.62227638364335e-06,0.135681233960146,1.42846806967216
"AO_0h_sl6A_sec2a",6,"AO_0h_sl6A_sec2a 6","basolateral_out",4,80,0.218295973838308,7.41903029379417e-06,2.98685355943858e-06,7.40562785304692e-07,0.107113405460495,1.1277025942962
"AO_0h_sl6A_sec2a",6,"AO_0h_sl6A_sec2a 6","basolateral_out",5,160,0.456491548948975,1.55143705628855e-05,7.63381144405447e-06,1.54863439308372e-06,0.0824919392288546,0.868484887367462
"AO_0h_sl6A_sec2a",6,"AO_0h_sl6A_sec2a 6","basolateral_out",6,250,0.211668359614456,7.19378348856103e-06,3.74448017641134e-06,7.18078795502955e-07,0.0614631497907018,0.647091306401917
"AO_0h_sl6A_sec2a",6,"AO_0h_sl6A_sec2a 6","basolateral_out",7,500,NA,NA,NA,NA,NA,NA
"AO_0h_sl6A_sec2a",7,"AO_0h_sl6A_sec2a 7","apical_out",1,10,0.161749771662947,2.55515665459331e-05,6.05257939922049e-06,1.57635038659082e-06,0.195871962436099,3.01622988143606
"AO_0h_sl6A_sec2a",7,"AO_0h_sl6A_sec2a 7","apical_out",2,20,0.211567482471781,3.34212564985747e-05,1.02844427112846e-05,2.06185442709244e-06,0.118785852218431,1.82918184153062
"AO_0h_sl6A_sec2a",7,"AO_0h_sl6A_sec2a 7","apical_out",3,50,0.222255274117962,3.51096039791851e-05,1.23652147898459e-05,2.16601348908089e-06,0.0928530599634122,1.42984310036607
"AO_0h_sl6A_sec2a",7,"AO_0h_sl6A_sec2a 7","apical_out",4,80,0.150760150743823,2.38155391788299e-05,9.37187716899969e-06,1.46924981385897e-06,0.09271205761457,1.42767180697297
"AO_0h_sl6A_sec2a",7,"AO_0h_sl6A_sec2a 7","apical_out",5,160,0.123454907931025,1.95021375485764e-05,8.82594368599047e-06,1.20314353363743e-06,0.0829921111619688,1.27799447402718
"AO_0h_sl6A_sec2a",7,"AO_0h_sl6A_sec2a 7","apical_out",6,250,NA,NA,NA,NA,NA,NA
"AO_0h_sl6A_sec2a",7,"AO_0h_sl6A_sec2a 7","apical_out",7,500,NA,NA,NA,NA,NA,NA
"AO_0h_sl6A_sec2a",8,"AO_0h_sl6A_sec2a 8","apical_out",1,10,0.324268233040946,3.55522345109616e-05,7.88832279595223e-06,1.80542832933251e-06,0.194146309169425,3.0779296467388
"AO_0h_sl6A_sec2a",8,"AO_0h_sl6A_sec2a 8","apical_out",2,20,0.15821056303196,1.734594531902e-05,4.65823048287659e-06,8.80868994840696e-07,0.15366082191736,2.43608648212293
"AO_0h_sl6A_sec2a",8,"AO_0h_sl6A_sec2a 8","apical_out",3,50,0.202616361435575,2.22145238525592e-05,7.93934697589817e-06,1.12810717069492e-06,0.0970977694847335,1.53935505963426
"AO_0h_sl6A_sec2a",8,"AO_0h_sl6A_sec2a 8","apical_out",4,80,0.181153195684758,1.98613377418977e-05,8.11264469520127e-06,1.00860669690416e-06,0.0818005371821402,1.29683793418062
"AO_0h_sl6A_sec2a",8,"AO_0h_sl6A_sec2a 8","apical_out",5,160,0.153114676009724,1.67872406665263e-05,7.6945314603386e-06,8.52496623280449e-07,0.0859457116511467,1.36255412236695
"AO_0h_sl6A_sec2a",8,"AO_0h_sl6A_sec2a 8","apical_out",6,250,0.108927897008141,1.19426750591702e-05,6.34816685979282e-06,6.06477881810514e-07,0.0526353044082179,0.83446223930941
"AO_0h_sl6A_sec2a",8,"AO_0h_sl6A_sec2a 8","apical_out",7,500,0.0272165445799419,2.98397708098021e-06,1.70468765446879e-06,1.51533562663116e-07,0.0324816829309961,0.514953569279736
"AO_0h_sl6A_sec3a",1,"AO_0h_sl6A_sec3a 1","basolateral_out",1,10,0.88108546277011,1.23120390138923e-05,3.70617192081294e-06,1.41986568268039e-06,0.321856330707091,2.26325936747944
"AO_0h_sl6A_sec3a",1,"AO_0h_sl6A_sec3a 1","basolateral_out",2,20,0.362550326450573,5.06617570300725e-06,1.89961609554144e-06,5.84248394194709e-07,0.20731555091149,1.45782082829869
"AO_0h_sl6A_sec3a",1,"AO_0h_sl6A_sec3a 1","basolateral_out",3,50,0.645110422390161,9.01459055261765e-06,4.82973829354064e-06,1.03959285335551e-06,0.12918285798833,0.908400070359135
"AO_0h_sl6A_sec3a",1,"AO_0h_sl6A_sec3a 1","basolateral_out",4,80,0.593651239973341,8.29551449438039e-06,5.18384477185813e-06,9.56666587675541e-07,0.106193737693894,0.746743029957948
"AO_0h_sl6A_sec3a",1,"AO_0h_sl6A_sec3a 1","basolateral_out",5,160,0.766586666020312,1.07120652177124e-05,7.36931148133299e-06,1.23535133182263e-06,0.0710697950349063,0.499755213775733
"AO_0h_sl6A_sec3a",1,"AO_0h_sl6A_sec3a 1","basolateral_out",6,250,0.359197682373385,5.01932680307392e-06,4.07512696476901e-06,5.78845621736662e-07,0.0232770346947687,0.163681623736719
"AO_0h_sl6A_sec3a",1,"AO_0h_sl6A_sec3a 1","basolateral_out",7,500,NA,NA,NA,NA,NA,NA
"AO_0h_sl6A_sec3a",2,"AO_0h_sl6A_sec3a 2","mixed",1,10,0.27733583606964,1.13844783102175e-05,3.85293315012573e-06,1.06458225194877e-06,0.205422309457672,2.15063280794003
"AO_0h_sl6A_sec3a",2,"AO_0h_sl6A_sec3a 2","mixed",2,20,0.189895380034874,7.79509732984773e-06,3.34385505841125e-06,7.28933029994112e-07,0.110405903893865,1.155875229576
"AO_0h_sl6A_sec3a",2,"AO_0h_sl6A_sec3a 2","mixed",3,50,0.137058311387787,5.62616571786091e-06,3.26833812341713e-06,5.26112484608253e-07,0.0687674193286925,0.719948424862438
"AO_0h_sl6A_sec3a",2,"AO_0h_sl6A_sec3a 2","mixed",4,80,0.197227320628291,8.09606932048723e-06,5.63862173523707e-06,7.57077441256324e-07,0.0473807267289743,0.496044201023695
"AO_0h_sl6A_sec3a",2,"AO_0h_sl6A_sec3a 2","mixed",5,160,0.181811539730616,7.46326028379074e-06,5.47412368414316e-06,6.9790237403034e-07,0.0448437781519372,0.46948406324588
"AO_0h_sl6A_sec3a",2,"AO_0h_sl6A_sec3a 2","mixed",6,250,0.220977516402018,9.07100134687536e-06,6.70972862836888e-06,8.48245020821015e-07,0.0381027369666897,0.39890991591523
"AO_0h_sl6A_sec3a",2,"AO_0h_sl6A_sec3a 2","mixed",7,500,0.100615837242213,4.13022288421724e-06,3.04217210114527e-06,3.86224283565463e-07,0.0281047277236713,0.294237513249279
"AO_0h_sl6A_sec3a",3,"AO_0h_sl6A_sec3a 3","basolateral_out",1,10,0.947693034857995,1.05351527768179e-05,3.11231069567174e-06,1.14226082497257e-06,0.267631747806202,1.68099748438943
"AO_0h_sl6A_sec3a",3,"AO_0h_sl6A_sec3a 3","basolateral_out",2,20,0.592628833254935,6.58803543831431e-06,3.36195737449483e-06,7.14299541177643e-07,0.177319658381313,1.11374641504648
"AO_0h_sl6A_sec3a",3,"AO_0h_sl6A_sec3a 3","basolateral_out",3,50,1.31673973385673,1.46377083646773e-05,8.64642043791331e-06,1.58707530745409e-06,0.10943512051297,0.687363004554178
"AO_0h_sl6A_sec3a",3,"AO_0h_sl6A_sec3a 3","basolateral_out",4,80,0.813585103780278,9.04432453336839e-06,6.23462687871441e-06,9.80619628558004e-07,0.0808452109418219,0.507789517993001
"AO_0h_sl6A_sec3a",3,"AO_0h_sl6A_sec3a 3","basolateral_out",5,160,0.816529848077465,9.07706016602415e-06,6.6972402471054e-06,9.84168948777227e-07,0.0714223342514366,0.448604342310035
"AO_0h_sl6A_sec3a",3,"AO_0h_sl6A_sec3a 3","basolateral_out",6,250,1.26610278713873,1.40747961661026e-05,1.21205574802927e-05,1.52604225307392e-06,0.0442828686131407,0.27814110751218
"AO_0h_sl6A_sec3a",3,"AO_0h_sl6A_sec3a 3","basolateral_out",7,500,NA,NA,NA,NA,NA,NA
"AO_0h_sl6A_sec3a",5,"AO_0h_sl6A_sec3a 5","apical_out",1,10,0,0,0,0,0.171596153329789,2.00030991202773
"AO_0h_sl6A_sec3a",5,"AO_0h_sl6A_sec3a 5","apical_out",2,20,0.0644242181797318,2.47052836131266e-06,1.28234821847117e-06,1.35301197210264e-07,0.082893902370846,0.966300766896491
"AO_0h_sl6A_sec3a",5,"AO_0h_sl6A_sec3a 5","apical_out",3,50,0.205382455723754,7.87596956731417e-06,4.98190137551542e-06,4.313361175433e-07,0.0510232690839555,0.594782277528926
"AO_0h_sl6A_sec3a",5,"AO_0h_sl6A_sec3a 5","apical_out",4,80,0.136036941408931,5.2167202246736e-06,3.5086178531242e-06,2.85699408661842e-07,0.0377028080729308,0.439504611473541
"AO_0h_sl6A_sec3a",5,"AO_0h_sl6A_sec3a 5","apical_out",5,160,0.13327749645709,5.11090152469365e-06,3.76142899444188e-06,2.79904131417215e-07,0.023628701887193,0.275441644093636
"AO_0h_sl6A_sec3a",5,"AO_0h_sl6A_sec3a 5","apical_out",6,250,0.147912623130914,5.67212673689905e-06,4.75767781064051e-06,3.10640246130599e-07,0.0117036811340159,0.136430735335836
"AO_0h_sl6A_sec3a",5,"AO_0h_sl6A_sec3a 5","apical_out",7,500,1.45347954005618,5.57377726537343e-05,5.07567788799975e-05,3.05254029380048e-06,0.0101700855334781,0.118553490297002
"AO_0h_sl6A_sec3b",1,"AO_0h_sl6A_sec3b 1","basolateral_out",1,10,0.342488112358776,3.71470694509593e-06,1.24630144952186e-06,4.12335801979317e-07,0.228541211122239,1.64577827406609
"AO_0h_sl6A_sec3b",1,"AO_0h_sl6A_sec3b 1","basolateral_out",2,20,0.916179000815669,9.93709379820991e-06,5.02456833602533e-06,1.10302632244999e-06,0.119962460490619,0.863877504671894
"AO_0h_sl6A_sec3b",1,"AO_0h_sl6A_sec3b 1","basolateral_out",3,50,0.799605672761688,8.67271195338419e-06,5.91379246989449e-06,9.62678803870471e-07,0.0676184403296869,0.486936073692682
"AO_0h_sl6A_sec3b",1,"AO_0h_sl6A_sec3b 1","basolateral_out",4,80,0.47664562302935,5.16981098708004e-06,3.70351438107642e-06,5.73853655468934e-07,0.0647202071707377,0.466065224436416
"AO_0h_sl6A_sec3b",1,"AO_0h_sl6A_sec3b 1","basolateral_out",5,160,0.751322396982465,8.14902014220339e-06,6.53510083870611e-06,9.04548543221429e-07,0.0418848776092579,0.301622719345632
"AO_0h_sl6A_sec3b",1,"AO_0h_sl6A_sec3b 1","basolateral_out",6,250,0.744073131935844,8.07039290159623e-06,7.01656517183658e-06,8.95820849006956e-07,0.0333369031019586,0.240066772117106
"AO_0h_sl6A_sec3b",1,"AO_0h_sl6A_sec3b 1","basolateral_out",7,500,0.827832099857863,8.97886244733058e-06,5.95585685338417e-06,9.96661783231577e-07,0.0634798535109642,0.457133150018023
"AO_0h_sl6A_sec3b",2,"AO_0h_sl6A_sec3b 2","basolateral_out",1,10,1.54034206241135,1.13314733391577e-05,3.19025073415684e-06,1.38579505589217e-06,0.221402871131676,1.63042169429945
"AO_0h_sl6A_sec3b",2,"AO_0h_sl6A_sec3b 2","basolateral_out",2,20,0.332807815217013,2.44828923212759e-06,1.19591420619579e-06,2.99416237564799e-07,0.134793187421153,0.992623699466458
"AO_0h_sl6A_sec3b",2,"AO_0h_sl6A_sec3b 2","basolateral_out",3,50,1.66512710090438,1.22494501777542e-05,7.12012725420511e-06,1.49806004794351e-06,0.091400174337785,0.673075404764958
"AO_0h_sl6A_sec3b",2,"AO_0h_sl6A_sec3b 2","basolateral_out",4,80,1.22420015455022,9.00578628058921e-06,5.8728048388642e-06,1.10137258664633e-06,0.0585485980306282,0.431154771896258
"AO_0h_sl6A_sec3b",2,"AO_0h_sl6A_sec3b 2","basolateral_out",5,160,1.45765122672503,1.07231610539596e-05,7.59935403608475e-06,1.31140083264911e-06,0.05186258537552,0.381918643992723
"AO_0h_sl6A_sec3b",2,"AO_0h_sl6A_sec3b 2","basolateral_out",6,250,1.39665391836501,1.02744364555026e-05,7.48443854430289e-06,1.2565235619371e-06,0.0426064531668605,0.3137560285706
"AO_0h_sl6A_sec3b",2,"AO_0h_sl6A_sec3b 2","basolateral_out",7,500,0.578599827870096,4.2564497091558e-06,2.92813333896624e-06,5.20547221535466e-07,0.03076707676163,0.226570275109505
"AO_0h_sl6A_sec4a",1,"AO_0h_sl6A_sec4a 1","basolateral_out",1,10,0.89747935868558,1.06894104583811e-05,2.65637259863827e-06,8.27056057773992e-07,0.256951007614869,2.60137784770498
"AO_0h_sl6A_sec4a",1,"AO_0h_sl6A_sec4a 1","basolateral_out",2,20,0.868734575252532,1.03470462739801e-05,4.70655771408283e-06,8.00566816503282e-07,0.127266492973918,1.28844887066437
"AO_0h_sl6A_sec4a",1,"AO_0h_sl6A_sec4a 1","basolateral_out",3,50,0.635862014797321,7.57342216874649e-06,4.57448473824759e-06,5.85967271733923e-07,0.0499431510066796,0.505625597188134
"AO_0h_sl6A_sec4a",1,"AO_0h_sl6A_sec4a 1","basolateral_out",4,80,0.887856739382254,1.05748004381923e-05,7.73383018384515e-06,8.18188504989129e-07,0.0408109495716775,0.41317098206788
"AO_0h_sl6A_sec4a",1,"AO_0h_sl6A_sec4a 1","basolateral_out",5,160,0.86459778931631,1.02977751654885e-05,8.55508801374161e-06,7.96754635381616e-07,0.0280103153632861,0.283577070079044
"AO_0h_sl6A_sec4a",1,"AO_0h_sl6A_sec4a 1","basolateral_out",6,250,1.03376542317884,1.23126429806972e-05,1.16365259086003e-05,9.52648043972326e-07,0.0144070468734861,0.145857270362248
"AO_0h_sl6A_sec4a",1,"AO_0h_sl6A_sec4a 1","basolateral_out",7,500,0,0,0,0,0,0
"AO_0h_sl6A_sec4a",2,"AO_0h_sl6A_sec4a 2","mixed",1,10,2.85177817814337,2.07215562369476e-05,5.04223317598e-06,1.37699151938543e-06,0.272412506182207,3.18811856744736
"AO_0h_sl6A_sec4a",2,"AO_0h_sl6A_sec4a 2","mixed",2,20,0.702879522752718,5.10725471922982e-06,1.90656365458449e-06,3.39387947280769e-07,0.172693835898271,2.02108351201295
"AO_0h_sl6A_sec4a",2,"AO_0h_sl6A_sec4a 2","mixed",3,50,0.715382340673774,5.19810254416133e-06,2.49331169211306e-06,3.45424978624112e-07,0.112288265647722,1.31414049096013
"AO_0h_sl6A_sec4a",2,"AO_0h_sl6A_sec4a 2","mixed",4,80,0.874630596571133,6.35523030238034e-06,3.48034820310164e-06,4.22318581193981e-07,0.0723168605053767,0.846344130626962
"AO_0h_sl6A_sec4a",2,"AO_0h_sl6A_sec4a 2","mixed",5,160,1.02449143702699,7.44414733562732e-06,4.25709817045263e-06,4.94679435897639e-07,0.0798698225388552,0.934738524979957
"AO_0h_sl6A_sec4a",2,"AO_0h_sl6A_sec4a 2","mixed",6,250,0.972014956386251,7.06284336428472e-06,4.11954496381216e-06,4.69340975366834e-07,0.097359520865727,1.13942528021159
"AO_0h_sl6A_sec4a",2,"AO_0h_sl6A_sec4a 2","mixed",7,500,0,0,0,0,0.0411209746006979,0.481250088233207
"AO_0h_sl6A_sec4a",3,"AO_0h_sl6A_sec4a 3","basolateral_out",1,10,1.06707938137586,1.54083521407491e-05,3.78077378842238e-06,1.32587568322569e-06,0.310054138081119,2.89034250219397
"AO_0h_sl6A_sec4a",3,"AO_0h_sl6A_sec4a 3","basolateral_out",2,20,0.106223760769765,1.53384381726585e-06,5.69388561559818e-07,1.31985964534166e-07,0.203332484699589,1.89547711325873
"AO_0h_sl6A_sec4a",3,"AO_0h_sl6A_sec4a 3","basolateral_out",3,50,0.57592834174703,8.31625730227674e-06,4.48015537761446e-06,7.15606914471826e-07,0.129457042003406,1.20680598887172
"AO_0h_sl6A_sec4a",3,"AO_0h_sl6A_sec4a 3","basolateral_out",4,80,0.951079621387316,1.37333454061599e-05,8.6800756707236e-06,1.18174276892412e-06,0.0717204020178467,0.668581711276452
"AO_0h_sl6A_sec4a",3,"AO_0h_sl6A_sec4a 3","basolateral_out",5,160,0.755536204042428,1.09097486936354e-05,7.88458573729717e-06,9.38774657462576e-07,0.0533151346254883,0.497006750407973
"AO_0h_sl6A_sec4a",3,"AO_0h_sl6A_sec4a 3","basolateral_out",6,250,0.649123626653526,9.37317841289513e-06,6.69793486832173e-06,8.06554083050015e-07,0.0529556594482403,0.493655702137133
"AO_0h_sl6A_sec4a",3,"AO_0h_sl6A_sec4a 3","basolateral_out",7,500,NA,NA,NA,NA,NA,NA
"AO_0h_sl6A_sec4b",1,"AO_0h_sl6A_sec4b 1","mixed",1,10,2.51659403033965,9.19000221837825e-06,3.27626975777763e-06,9.21428408232433e-07,0.210842126667299,1.76586450958075
"AO_0h_sl6A_sec4b",1,"AO_0h_sl6A_sec4b 1","mixed",2,20,1.16678516327169,4.2608216142794e-06,1.53078964120117e-06,4.27207957573338e-07,0.112212171042574,0.939809769134807
"AO_0h_sl6A_sec4b",1,"AO_0h_sl6A_sec4b 1","mixed",3,50,3.44117452866653,1.25663500632257e-05,8.74885619853875e-06,1.25995529281743e-06,0.0509820687201154,0.426989744416297
"AO_0h_sl6A_sec4b",1,"AO_0h_sl6A_sec4b 1","mixed",4,80,1.35968716809487,4.9652538075066e-06,4.14477784631102e-06,4.97837302277409e-07,0.0251173703515105,0.210365326791248
"AO_0h_sl6A_sec4b",1,"AO_0h_sl6A_sec4b 1","mixed",5,160,0.877494787152354,3.20440203836021e-06,2.46819960125955e-06,3.21286872340283e-07,0.0141751889663815,0.118721355679705
"AO_0h_sl6A_sec4b",1,"AO_0h_sl6A_sec4b 1","mixed",6,250,0,0,0,0,0.0122213792290976,0.10235762738651
"AO_0h_sl6A_sec4b",1,"AO_0h_sl6A_sec4b 1","mixed",7,500,NA,NA,NA,NA,NA,NA
"AO_0h_sl6A_sec4b",2,"AO_0h_sl6A_sec4b 2","basolateral_out",1,10,2.80589425859418,5.71992375636474e-06,1.56593835061247e-06,6.45127456351855e-07,0.266832465359701,1.44350054901031
"AO_0h_sl6A_sec4b",2,"AO_0h_sl6A_sec4b 2","basolateral_out",2,20,4.51860084950759,9.2113422540655e-06,4.41524324970013e-06,1.03891066578278e-06,0.128072028440829,0.692839393130013
"AO_0h_sl6A_sec4b",2,"AO_0h_sl6A_sec4b 2","basolateral_out",3,50,4.32372025408215,8.81407063771208e-06,5.82983454013197e-06,9.94103979845107e-07,0.065594168471672,0.354848942661808
"AO_0h_sl6A_sec4b",2,"AO_0h_sl6A_sec4b 2","basolateral_out",4,80,3.19698288695186,6.51717302166956e-06,4.74857406184901e-06,7.35046030883932e-07,0.0319396957174957,0.172786202163503
"AO_0h_sl6A_sec4b",2,"AO_0h_sl6A_sec4b 2","basolateral_out",5,160,3.37101854994856,6.87195143863251e-06,5.14010713991355e-06,7.75060077828032e-07,0.0239296523283685,0.129453761284487
"AO_0h_sl6A_sec4b",2,"AO_0h_sl6A_sec4b 2","basolateral_out",6,250,7.79759230339042,1.58956929050335e-05,1.25677450778996e-05,1.792811996727e-06,0.00781202740750649,0.0422612212363957
"AO_0h_sl6A_sec4b",2,"AO_0h_sl6A_sec4b 2","basolateral_out",7,500,NA,NA,NA,NA,NA,NA
"AO_0h_sl6A_sec4b",3,"AO_0h_sl6A_sec4b 3","mixed",1,10,1.05924401609489,7.63174508049921e-06,2.44050196331458e-06,8.43597514203427e-07,0.234153102154712,1.53381332555503
"AO_0h_sl6A_sec4b",3,"AO_0h_sl6A_sec4b 3","mixed",2,20,1.53999517567051,1.1095508142916e-05,4.69390767256308e-06,1.22647480877016e-06,0.158143046870798,1.03591159118633
"AO_0h_sl6A_sec4b",3,"AO_0h_sl6A_sec4b 3","mixed",3,50,1.63391979525945,1.17722254456281e-05,7.8066407154433e-06,1.30127775729173e-06,0.0958704625199383,0.627996774704469
"AO_0h_sl6A_sec4b",3,"AO_0h_sl6A_sec4b 3","mixed",4,80,1.44475628934665,1.04093216824496e-05,7.09920779409468e-06,1.15062515889012e-06,0.0655597994528546,0.429447626771406
"AO_0h_sl6A_sec4b",3,"AO_0h_sl6A_sec4b 3","mixed",5,160,1.20964554409329,8.71537274698633e-06,6.38016591669639e-06,9.63379503267296e-07,0.0141201494267603,0.0924936426222672
"AO_0h_sl6A_sec4b",3,"AO_0h_sl6A_sec4b 3","mixed",6,250,1.47599075916915,1.0634362851234e-05,8.70280648984976e-06,1.17550075006586e-06,0.00752307928868413,0.049279719790202
"AO_0h_sl6A_sec4b",3,"AO_0h_sl6A_sec4b 3","mixed",7,500,NA,NA,NA,NA,NA,NA
"AO_0h_sl6A_sec4b",4,"AO_0h_sl6A_sec4b 4","basolateral_out",1,10,1.83543509702103,1.28720454651925e-05,4.1257546513053e-06,1.12140704523989e-06,0.275447663976656,1.62983831997178
"AO_0h_sl6A_sec4b",4,"AO_0h_sl6A_sec4b 4","basolateral_out",2,20,1.27421100687829,8.9361383790724e-06,4.38250962988589e-06,7.78512518669116e-07,0.186582220656972,1.10401681634132
"AO_0h_sl6A_sec4b",4,"AO_0h_sl6A_sec4b 4","basolateral_out",3,50,1.22562616636519,8.59540920972241e-06,4.9987074841164e-06,7.48828340497041e-07,0.116553041248,0.689650477309334
"AO_0h_sl6A_sec4b",4,"AO_0h_sl6A_sec4b 4","basolateral_out",4,80,0.932540046313239,6.53997403326282e-06,3.98810984032582e-06,5.69759715067725e-07,0.102638728765597,0.607318758272486
"AO_0h_sl6A_sec4b",4,"AO_0h_sl6A_sec4b 4","basolateral_out",5,160,1.10777008824754,7.76887560014836e-06,4.87491905947999e-06,6.76821089170103e-07,0.0966277766234905,0.571751638191365
"AO_0h_sl6A_sec4b",4,"AO_0h_sl6A_sec4b 4","basolateral_out",6,250,NA,NA,NA,NA,NA,NA
"AO_0h_sl6A_sec4b",4,"AO_0h_sl6A_sec4b 4","basolateral_out",7,500,NA,NA,NA,NA,NA,NA
"AO_0h_sl6A_sec4b",5,"AO_0h_sl6A_sec4b 5","basolateral_out",1,10,0.896177807752944,4.2746692167156e-06,1.598836417946e-06,5.17250894970266e-07,0.256313407465685,1.5854064847784
"AO_0h_sl6A_sec4b",5,"AO_0h_sl6A_sec4b 5","basolateral_out",2,20,2.75812502915336,1.31559519282639e-05,6.34282394755518e-06,1.59191917879176e-06,0.16329788902757,1.01006628866885
"AO_0h_sl6A_sec4b",5,"AO_0h_sl6A_sec4b 5","basolateral_out",3,50,1.98319299304124,9.45961165833343e-06,5.61041309600414e-06,1.14464824019848e-06,0.089350825562485,0.5526725256697
"AO_0h_sl6A_sec4b",5,"AO_0h_sl6A_sec4b 5","basolateral_out",4,80,2.42125353377553,1.15491120815027e-05,7.34748552603024e-06,1.39748557313145e-06,0.0748979785864126,0.463275573922481
"AO_0h_sl6A_sec4b",5,"AO_0h_sl6A_sec4b 5","basolateral_out",5,160,2.39841532327151,1.14401763384371e-05,7.89334405564571e-06,1.3843039425214e-06,0.0628534219432929,0.388774913199771
"AO_0h_sl6A_sec4b",5,"AO_0h_sl6A_sec4b 5","basolateral_out",6,250,NA,NA,NA,NA,NA,NA
"AO_0h_sl6A_sec4b",5,"AO_0h_sl6A_sec4b 5","basolateral_out",7,500,NA,NA,NA,NA,NA,NA
"AO_0h_sl6A_sec4b",6,"AO_0h_sl6A_sec4b 6","basolateral_out",1,10,3.58129103972031,8.05524601640177e-06,2.51531168096985e-06,9.70965416660489e-07,0.247548114125452,1.505736545717
"AO_0h_sl6A_sec4b",6,"AO_0h_sl6A_sec4b 6","basolateral_out",2,20,4.3402869192264,9.76242325138413e-06,4.29556971300133e-06,1.17674560660165e-06,0.156296792305886,0.950691113057911
"AO_0h_sl6A_sec4b",6,"AO_0h_sl6A_sec4b 6","basolateral_out",3,50,2.75792243038663,6.20327793092516e-06,3.42549940127407e-06,7.47732388135313e-07,0.104909166880602,0.63812066236462
"AO_0h_sl6A_sec4b",6,"AO_0h_sl6A_sec4b 6","basolateral_out",4,80,3.31626805418099,7.459141057368e-06,4.44480030196956e-06,8.99111956351136e-07,0.102577482356277,0.623937954434238
"AO_0h_sl6A_sec4b",6,"AO_0h_sl6A_sec4b 6","basolateral_out",5,160,4.064244718189,9.14153323836833e-06,5.20313837212418e-06,1.10190459877139e-06,0.109116519298988,0.663712310757728
"AO_0h_sl6A_sec4b",6,"AO_0h_sl6A_sec4b 6","basolateral_out",6,250,1.83523927296013,4.12792584537074e-06,1.48447111150624e-06,4.97573038766653e-07,0.0978736948763356,0.595326689360148
"AO_0h_sl6A_sec4b",6,"AO_0h_sl6A_sec4b 6","basolateral_out",7,500,NA,NA,NA,NA,NA,NA
"AO_0h_sl6A_sec4b",7,"AO_0h_sl6A_sec4b 7","basolateral_out",1,10,0.57543888468084,9.22192717619988e-06,3.14970699832194e-06,7.61534180112552e-07,0.230765877813933,1.67709313675352
"AO_0h_sl6A_sec4b",7,"AO_0h_sl6A_sec4b 7","basolateral_out",2,20,0.325124115001148,5.21040720671835e-06,2.17329665691956e-06,4.30268327260405e-07,0.134852387814801,0.98004096715451
"AO_0h_sl6A_sec4b",7,"AO_0h_sl6A_sec4b 7","basolateral_out",3,50,0.544447113236718,8.72525608405141e-06,4.96041101506563e-06,7.20519758103122e-07,0.0897220436907942,0.652055776680539
"AO_0h_sl6A_sec4b",7,"AO_0h_sl6A_sec4b 7","basolateral_out",4,80,0.421121731472681,6.74885560107782e-06,4.39059353145989e-06,5.57311299326769e-07,0.0803886345850341,0.584225140270748
"AO_0h_sl6A_sec4b",7,"AO_0h_sl6A_sec4b 7","basolateral_out",5,160,0.688790502551895,1.10384890963959e-05,7.30088734482599e-06,9.11543388175963e-07,0.0684686544514748,0.497596575157021
"AO_0h_sl6A_sec4b",7,"AO_0h_sl6A_sec4b 7","basolateral_out",6,250,0.547313669904668,8.77119524030595e-06,7.00546146738829e-06,7.24313351028433e-07,0.02983382859483,0.216817623356833
"AO_0h_sl6A_sec4b",7,"AO_0h_sl6A_sec4b 7","basolateral_out",7,500,NA,NA,NA,NA,NA,NA
"AO_0h_sl6A_sec5a",3,"AO_0h_sl6A_sec5a 3","basolateral_out",1,10,0.323559966075844,2.41841852067467e-06,6.48476361729287e-07,2.01250362062263e-07,0.250759263949885,2.49935546830306
"AO_0h_sl6A_sec5a",3,"AO_0h_sl6A_sec5a 3","basolateral_out",2,20,2.36422431960824,1.7671172212417e-05,7.06536146903933e-06,1.47051876067398e-06,0.166614786030796,1.66067474440122
"AO_0h_sl6A_sec5a",3,"AO_0h_sl6A_sec5a 3","basolateral_out",3,50,1.27104830291061,9.50033093930594e-06,5.1659027150269e-06,7.90576579240413e-07,0.076408861018889,0.761578661566558
"AO_0h_sl6A_sec5a",3,"AO_0h_sl6A_sec5a 3","basolateral_out",4,80,0.711500750984135,5.31804541372287e-06,3.71890876957317e-06,4.42544810100409e-07,0.0541497267804028,0.539718507718879
"AO_0h_sl6A_sec5a",3,"AO_0h_sl6A_sec5a 3","basolateral_out",5,160,1.25732725183165,9.39777423411485e-06,6.47287491430918e-06,7.8204225241684e-07,0.0610292556628435,0.608287811444037
"AO_0h_sl6A_sec5a",3,"AO_0h_sl6A_sec5a 3","basolateral_out",6,250,1.26592503582801,9.46203756157697e-06,6.3235854864338e-06,7.8738996945114e-07,0.0519912733821002,0.518204876600536
"AO_0h_sl6A_sec5a",3,"AO_0h_sl6A_sec5a 3","basolateral_out",7,500,0.961669091248595,7.18790513314253e-06,5.39650997747134e-06,5.98146473882685e-07,0.0432939465568355,0.431517306147751
"AO_0h_sl6A_sec5a",4,"AO_0h_sl6A_sec5a 4","apical_out",1,10,0.681300529227727,1.98404084846355e-05,4.51515905665949e-06,1.11963597304897e-06,0.338321972168611,3.54601172341467
"AO_0h_sl6A_sec5a",4,"AO_0h_sl6A_sec5a 4","apical_out",2,20,0.682722624151648,1.98818218447961e-05,6.6274510305714e-06,1.12197301605071e-06,0.289222977004461,3.03139657340252
"AO_0h_sl6A_sec5a",4,"AO_0h_sl6A_sec5a 4","apical_out",3,50,0.439218628033751,1.27906505578803e-05,4.59778009026535e-06,7.21803308353851e-07,0.200002686429367,2.09626311364581
"AO_0h_sl6A_sec5a",4,"AO_0h_sl6A_sec5a 4","apical_out",4,80,0.28134312863998,8.19309887061126e-06,3.91608822860422e-06,4.62353798480868e-07,0.134134675788391,1.40588898147299
"AO_0h_sl6A_sec5a",4,"AO_0h_sl6A_sec5a 4","apical_out",5,160,0.222653963822573,6.48398966895051e-06,4.31802893081104e-06,3.65905172156956e-07,0.0768414537837121,0.805388707729193
"AO_0h_sl6A_sec5a",4,"AO_0h_sl6A_sec5a 4","apical_out",6,250,0.222992108454885,6.49383690573389e-06,5.40238728940684e-06,3.6646087243633e-07,0.0545214773374763,0.571449133431468
"AO_0h_sl6A_sec5a",4,"AO_0h_sl6A_sec5a 4","apical_out",7,500,0.22798049591713,6.63910560975613e-06,4.11471652665878e-06,3.74658690888881e-07,0.0360482566917794,0.377828079028828
"AO_0h_sl6A_sec5a",5,"AO_0h_sl6A_sec5a 5","apical_out",1,10,0.359653017433513,1.09786574575044e-05,2.74761219550507e-06,6.77472748403822e-07,0.353090242090697,2.7205961810555
"AO_0h_sl6A_sec5a",5,"AO_0h_sl6A_sec5a 5","apical_out",2,20,0.90626339342367,2.76643177740428e-05,8.6884743185637e-06,1.7071141410179e-06,0.275057478319122,2.11934580988375
"AO_0h_sl6A_sec5a",5,"AO_0h_sl6A_sec5a 5","apical_out",3,50,0.294527970566803,8.99067029544563e-06,3.32097981124768e-06,5.54797718994749e-07,0.19445464763647,1.49829281210321
"AO_0h_sl6A_sec5a",5,"AO_0h_sl6A_sec5a 5","apical_out",4,80,0.468270166505176,1.42942711625637e-05,6.4199821100943e-06,8.82073168637943e-07,0.165501077318524,1.27520261179489
"AO_0h_sl6A_sec5a",5,"AO_0h_sl6A_sec5a 5","apical_out",5,160,0.581849423249133,1.77613566411399e-05,7.88774716383077e-06,1.09602063327229e-06,0.164771578131006,1.26958174645494
"AO_0h_sl6A_sec5a",5,"AO_0h_sl6A_sec5a 5","apical_out",6,250,NA,NA,NA,NA,NA,NA
"AO_0h_sl6A_sec5a",5,"AO_0h_sl6A_sec5a 5","apical_out",7,500,NA,NA,NA,NA,NA,NA
"AO_0h_sl6A_sec5a",6,"AO_0h_sl6A_sec5a 6","mixed",1,10,2.57208884267,1.01405378353348e-05,2.44199903387657e-06,6.48950381319825e-07,0.284407557163435,2.65612170710387
"AO_0h_sl6A_sec5a",6,"AO_0h_sl6A_sec5a 6","mixed",2,20,6.61018613550044,2.60608581996201e-05,9.84014635428047e-06,1.66778174301905e-06,0.203569606937747,1.90116485400997
"AO_0h_sl6A_sec5a",6,"AO_0h_sl6A_sec5a 6","mixed",3,50,3.15344605492821,1.24325561781497e-05,5.81177355712343e-06,7.95629601072734e-07,0.14582323635674,1.36186347279337
"AO_0h_sl6A_sec5a",6,"AO_0h_sl6A_sec5a 6","mixed",4,80,2.58969373093345,1.02099456382694e-05,5.78651345021113e-06,6.53392179271019e-07,0.109163609953589,1.01949412637065
"AO_0h_sl6A_sec5a",6,"AO_0h_sl6A_sec5a 6","mixed",5,160,2.890424550269,1.13955859634137e-05,6.54931025311514e-06,7.29268010869369e-07,0.0865622826723833,0.808417189457644
"AO_0h_sl6A_sec5a",6,"AO_0h_sl6A_sec5a 6","mixed",6,250,1.5482099922447,6.10386458778128e-06,4.12258421260256e-06,3.9062082466304e-07,0.060527485440368,0.565274599444589
"AO_0h_sl6A_sec5a",6,"AO_0h_sl6A_sec5a 6","mixed",7,500,2.64867760585074,1.04424913440595e-05,7.86446581281743e-06,6.68274094500494e-07,0.0414207617723499,0.386834251401746
"AO_0h_sl6A_sec5a",7,"AO_0h_sl6A_sec5a 7","apical_out",1,10,1.52951330151481,4.6076481117328e-05,1.15580591157179e-05,2.82803583464498e-06,0.253095596598649,3.34140373091439
"AO_0h_sl6A_sec5a",7,"AO_0h_sl6A_sec5a 7","apical_out",2,20,0.32622205369212,9.82741652662598e-06,3.27162093459386e-06,6.03177270167638e-07,0.21546291304507,2.84457173968203
"AO_0h_sl6A_sec5a",7,"AO_0h_sl6A_sec5a 7","apical_out",3,50,0.679759910865487,2.04777197205741e-05,7.85046357888157e-06,1.25686084912029e-06,0.162725961376643,2.14833107240021
"AO_0h_sl6A_sec5a",7,"AO_0h_sl6A_sec5a 7","apical_out",4,80,0.330874851892249,9.96758174663333e-06,4.72602819830396e-06,6.11780189820775e-07,0.132076706721068,1.7436952935396
"AO_0h_sl6A_sec5a",7,"AO_0h_sl6A_sec5a 7","apical_out",5,160,0.349708540086762,1.05349452848286e-05,5.83578879161803e-06,6.46603257433109e-07,0.0961094558744529,1.26885057958675
"AO_0h_sl6A_sec5a",7,"AO_0h_sl6A_sec5a 7","apical_out",6,250,0,0,0,0,0.174795303925209,2.30767223346124
"AO_0h_sl6A_sec5a",7,"AO_0h_sl6A_sec5a 7","apical_out",7,500,NA,NA,NA,NA,NA,NA
"AO_0h_sl6A_sec5b",1,"AO_0h_sl6A_sec5b 1","mixed",1,10,0.76094542426953,1.66638891820078e-05,5.21783201127379e-06,1.24989137555735e-06,0.237314339761947,1.89219926457136
"AO_0h_sl6A_sec5b",1,"AO_0h_sl6A_sec5b 1","mixed",2,20,0.350599701398196,7.67775767487259e-06,3.59322138503259e-06,5.75877755584442e-07,0.149522414037187,1.19220019389433
"AO_0h_sl6A_sec5b",1,"AO_0h_sl6A_sec5b 1","mixed",3,50,0.598924885127246,1.31158130344077e-05,7.03539125105302e-06,9.83764439145991e-07,0.0847378730074127,0.675647923959451
"AO_0h_sl6A_sec5b",1,"AO_0h_sl6A_sec5b 1","mixed",4,80,0.515423297228902,1.12872177595292e-05,7.68132606890843e-06,8.4660885448672e-07,0.0580055070113661,0.462500402706787
"AO_0h_sl6A_sec5b",1,"AO_0h_sl6A_sec5b 1","mixed",5,160,0.558790514445403,1.22369133339806e-05,8.35487371444566e-06,9.17841703850209e-07,0.048819029698421,0.389253056452898
"AO_0h_sl6A_sec5b",1,"AO_0h_sl6A_sec5b 1","mixed",6,250,0.529960049212047,1.16055570469307e-05,7.57927683093561e-06,8.70486205414732e-07,0.0408141142797144,0.325426761407152
"AO_0h_sl6A_sec5b",1,"AO_0h_sl6A_sec5b 1","mixed",7,500,NA,NA,NA,NA,NA,NA
"AO_0h_sl6A_sec5b",2,"AO_0h_sl6A_sec5b 2","mixed",1,10,1.4129075803329,1.21502792152065e-05,3.44845497322178e-06,8.88989577409753e-07,0.268802511455254,1.87170146038895
"AO_0h_sl6A_sec5b",2,"AO_0h_sl6A_sec5b 2","mixed",2,20,0.748537260810648,6.437035831949e-06,2.63634670781964e-06,4.70973354822491e-07,0.16954665257682,1.18057199508316
"AO_0h_sl6A_sec5b",2,"AO_0h_sl6A_sec5b 2","mixed",3,50,1.07519464368791,9.24612148264114e-06,5.3725236893472e-06,6.76503435348641e-07,0.115609231200033,0.80499979594709
"AO_0h_sl6A_sec5b",2,"AO_0h_sl6A_sec5b 2","mixed",4,80,1.18669169623818,1.02049388455144e-05,6.19499411747015e-06,7.46656443945103e-07,0.0882217941401508,0.61429805858693
"AO_0h_sl6A_sec5b",2,"AO_0h_sl6A_sec5b 2","mixed",5,160,1.33516645999164,1.14817455249656e-05,8.85694180717965e-06,8.40075517720689e-07,0.0735839431954259,0.512373092031109
"AO_0h_sl6A_sec5b",2,"AO_0h_sl6A_sec5b 2","mixed",6,250,1.19413094379804,1.02689125521188e-05,6.36196234471145e-06,7.51337156000546e-07,0.0843119632948631,0.587073476259257
"AO_0h_sl6A_sec5b",2,"AO_0h_sl6A_sec5b 2","mixed",7,500,0.570525710636821,4.90622796577976e-06,3.28474796917172e-06,3.58969983217817e-07,0.062537768911826,0.435457365215936
"AO_0h_sl6A_sec5b",4,"AO_0h_sl6A_sec5b 4","mixed",1,10,3.03845085586817,4.01678479671108e-05,1.3430840255612e-05,3.60090823748289e-06,0.297598440272907,2.24105283416364
"AO_0h_sl6A_sec5b",4,"AO_0h_sl6A_sec5b 4","mixed",2,20,1.09812879199117,1.45170919186728e-05,6.4884971358433e-06,1.30140693414911e-06,0.186245461797638,1.40251380225299
"AO_0h_sl6A_sec5b",4,"AO_0h_sl6A_sec5b 4","mixed",3,50,0.933525768347939,1.2341065534748e-05,7.19969989199945e-06,1.10633371695135e-06,0.126050472045601,0.94921790371754
"AO_0h_sl6A_sec5b",4,"AO_0h_sl6A_sec5b 4","mixed",4,80,0.2063952545311,2.72851317938119e-06,1.91945126506314e-06,2.44601741964347e-07,0.0911079816977259,0.686084914999489
"AO_0h_sl6A_sec5b",4,"AO_0h_sl6A_sec5b 4","mixed",5,160,0.746036538498147,9.86248706258598e-06,6.55752493208245e-06,8.84137754524786e-07,0.085909281008538,0.646936312934273
"AO_0h_sl6A_sec5b",4,"AO_0h_sl6A_sec5b 4","mixed",6,250,0,0,0,0,0.0661457659310686,0.498107974194385
"AO_0h_sl6A_sec5b",4,"AO_0h_sl6A_sec5b 4","mixed",7,500,NA,NA,NA,NA,NA,NA
"AO_0h_sl6A_sec5b",6,"AO_0h_sl6A_sec5b 6","mixed",1,10,0.91365675612171,6.54660781715217e-06,2.3334800784823e-06,6.03860599236724e-07,0.304035010863621,2.03167923163304
"AO_0h_sl6A_sec5b",6,"AO_0h_sl6A_sec5b 6","mixed",2,20,0.947564792227307,6.78956843966806e-06,3.51607736977609e-06,6.2627134251036e-07,0.221348160650427,1.47913380000624
"AO_0h_sl6A_sec5b",6,"AO_0h_sl6A_sec5b 6","mixed",3,50,1.02395698833645,7.33694002628055e-06,4.35928515548979e-06,6.76761022590318e-07,0.121379257505772,0.811103023711082
"AO_0h_sl6A_sec5b",6,"AO_0h_sl6A_sec5b 6","mixed",4,80,1.46996056749274,1.05326812039373e-05,7.37152471937035e-06,9.7153691820594e-07,0.083896834312014,0.560631012156476
"AO_0h_sl6A_sec5b",6,"AO_0h_sl6A_sec5b 6","mixed",5,160,1.34597021004183,9.64425539424344e-06,7.10668668622988e-06,8.89588318747532e-07,0.0759219244241259,0.507339587766424
"AO_0h_sl6A_sec5b",6,"AO_0h_sl6A_sec5b 6","mixed",6,250,1.09862463934694,7.87195476186748e-06,6.47889328700792e-06,7.26110903911381e-07,0.0643058967382852,0.429716809599001
"AO_0h_sl6A_sec5b",6,"AO_0h_sl6A_sec5b 6","mixed",7,500,NA,NA,NA,NA,NA,NA
"AO_0h_sl6A_sec5b",7,"AO_0h_sl6A_sec5b 7","mixed",1,10,0.370869582843849,1.53282717658105e-05,4.98651479718167e-06,9.2057282284328e-07,0.240253781409825,2.44846315026453
"AO_0h_sl6A_sec5b",7,"AO_0h_sl6A_sec5b 7","mixed",2,20,0.153704163722481,6.35268919874401e-06,2.56472200136697e-06,3.81524617887968e-07,0.200804303779342,2.04642747070676
"AO_0h_sl6A_sec5b",7,"AO_0h_sl6A_sec5b 7","mixed",3,50,0.363290512071176,1.50150240315396e-05,6.07624939440107e-06,9.01760046335085e-07,0.152022893582616,1.54928863449889
"AO_0h_sl6A_sec5b",7,"AO_0h_sl6A_sec5b 7","mixed",4,80,0.418633550983533,1.73023864361065e-05,8.88064359564913e-06,1.03913258890276e-06,0.120923042486637,1.23234528009929
"AO_0h_sl6A_sec5b",7,"AO_0h_sl6A_sec5b 7","mixed",5,160,0.220648945992817,9.11955891093277e-06,5.13137977451119e-06,5.47695018589661e-07,0.101730941883844,1.03675563807009
"AO_0h_sl6A_sec5b",7,"AO_0h_sl6A_sec5b 7","mixed",6,250,0.212953698351037,8.80150951401558e-06,5.7655650940252e-06,5.28593867749113e-07,0.0718627819688205,0.732364637483105
"AO_0h_sl6A_sec5b",7,"AO_0h_sl6A_sec5b 7","mixed",7,500,0.252460923327143,1.04343678263721e-05,7.82347276982185e-06,6.26658738262563e-07,0.0360891106473111,0.367789664026271
"AO_0h_sl6A_sec5b",9,"AO_0h_sl6A_sec5b 9","mixed",1,10,3.09818466960789,1.54613250169039e-05,5.48487386507193e-06,1.30300987933885e-06,0.285299282187932,2.0568918999886
"AO_0h_sl6A_sec5b",9,"AO_0h_sl6A_sec5b 9","mixed",2,20,3.7634971808996,1.87815315481032e-05,8.02756560253379e-06,1.58282172643916e-06,0.192164875636579,1.38543067170715
"AO_0h_sl6A_sec5b",9,"AO_0h_sl6A_sec5b 9","mixed",3,50,2.49802859994296,1.2466278225477e-05,6.99833455944546e-06,1.0506010104971e-06,0.13748056453172,0.991179008311984
"AO_0h_sl6A_sec5b",9,"AO_0h_sl6A_sec5b 9","mixed",4,80,2.23310856706808,1.11442089595782e-05,7.15321924100733e-06,9.39183049051173e-07,0.123958818425451,0.893692713126123
"AO_0h_sl6A_sec5b",9,"AO_0h_sl6A_sec5b 9","mixed",5,160,1.63013728460308,8.1351129991264e-06,5.84357268543022e-06,6.85590180389487e-07,0.102358814278989,0.737965459878732
"AO_0h_sl6A_sec5b",9,"AO_0h_sl6A_sec5b 9","mixed",6,250,2.08627349523952,1.04114363809478e-05,9.02668002708562e-06,8.77428321806246e-07,0.0597330258969703,0.430650845620966
"AO_0h_sl6A_sec5b",9,"AO_0h_sl6A_sec5b 9","mixed",7,500,0.647377320284885,3.230701918993e-06,2.98096573243112e-06,2.72268807042376e-07,0.0424243389163184,0.305862245464274
"AO_0h_sl6A_sec6a",1,"AO_0h_sl6A_sec6a 1","mixed",1,10,0.661661212343821,9.81461136111832e-06,3.0828917608637e-06,9.07626656228497e-07,0.309366834660635,2.09780333955444
"AO_0h_sl6A_sec6a",1,"AO_0h_sl6A_sec6a 1","mixed",2,20,0.841608539307884,1.24838218976831e-05,5.16921048582073e-06,1.15446746784431e-06,0.191573853790777,1.29905414940312
"AO_0h_sl6A_sec6a",1,"AO_0h_sl6A_sec6a 1","mixed",3,50,0.605448262775559,8.9807884874451e-06,5.03353800445616e-06,8.30517146857906e-07,0.129415080991945,0.877558156456635
"AO_0h_sl6A_sec6a",1,"AO_0h_sl6A_sec6a 1","mixed",4,80,0.618220563485209,9.17024370306594e-06,5.48344178920976e-06,8.48037413074479e-07,0.11129613389442,0.754694347308849
"AO_0h_sl6A_sec6a",1,"AO_0h_sl6A_sec6a 1","mixed",5,160,0.852802519925869,1.26498654367327e-05,9.27950350654013e-06,1.16982269043957e-06,0.0840494846432163,0.569935978320965
"AO_0h_sl6A_sec6a",1,"AO_0h_sl6A_sec6a 1","mixed",6,250,0,0,0,0,0,0
"AO_0h_sl6A_sec6a",1,"AO_0h_sl6A_sec6a 1","mixed",7,500,NA,NA,NA,NA,NA,NA
"AO_0h_sl6A_sec6a",3,"AO_0h_sl6A_sec6a 3","basolateral_out",1,10,0.417304384248131,4.60212954764609e-06,1.38459016093739e-06,4.34085696175462e-07,0.316426522458607,2.09519082688432
"AO_0h_sl6A_sec6a",3,"AO_0h_sl6A_sec6a 3","basolateral_out",2,20,1.21915824813377,1.34451599570464e-05,5.34945157553013e-06,1.26818499125695e-06,0.191088510078785,1.2652760278413
"AO_0h_sl6A_sec6a",3,"AO_0h_sl6A_sec6a 3","basolateral_out",3,50,0.8422895557906,9.28896459921384e-06,4.93531722388121e-06,8.76161051759476e-07,0.11961534111525,0.792022626649748
"AO_0h_sl6A_sec6a",3,"AO_0h_sl6A_sec6a 3","basolateral_out",4,80,0.871288765138354,9.60877460657365e-06,6.06374882275476e-06,9.06326423735949e-07,0.0675189773515972,0.447071063729123
"AO_0h_sl6A_sec6a",3,"AO_0h_sl6A_sec6a 3","basolateral_out",5,160,0.994977458675714,1.0972842209802e-05,7.99456078952415e-06,1.03498908502079e-06,0.0382812732903719,0.253476137260052
"AO_0h_sl6A_sec6a",3,"AO_0h_sl6A_sec6a 3","basolateral_out",6,250,0.669016183800246,7.37806566031622e-06,5.8315324691614e-06,6.95919733555689e-07,0.0159233125753147,0.105434835810185
"AO_0h_sl6A_sec6a",3,"AO_0h_sl6A_sec6a 3","basolateral_out",7,500,0.942839484732001,1.03978525391972e-05,7.79878388942804e-06,9.80754455405503e-07,0.0234425651230437,0.15522291564818
"AO_0h_sl6A_sec6a",4,"AO_0h_sl6A_sec6a 4","basolateral_out",1,10,0.8521208475803,1.10390341745053e-05,3.66828066148738e-06,1.05514442195231e-06,0.342879231598666,2.264633779803
"AO_0h_sl6A_sec6a",4,"AO_0h_sl6A_sec6a 4","basolateral_out",2,20,1.36849242413804,1.77285119599046e-05,7.3135413717987e-06,1.69454503068847e-06,0.247630247311364,1.63553744666192
"AO_0h_sl6A_sec6a",4,"AO_0h_sl6A_sec6a 4","basolateral_out",3,50,0.758596350828108,9.82744532682891e-06,4.92839593000465e-06,9.39337079197827e-07,0.161504813623365,1.06669994221278
"AO_0h_sl6A_sec6a",4,"AO_0h_sl6A_sec6a 4","basolateral_out",4,80,0.549785456243278,7.12234709120131e-06,4.40968454502853e-06,6.80775572001171e-07,0.133326567909864,0.880589495100384
"AO_0h_sl6A_sec6a",4,"AO_0h_sl6A_sec6a 4","basolateral_out",5,160,0.477271729942173,6.18294805521752e-06,3.79837528461521e-06,5.90984958335452e-07,0.119112130555385,0.786706599820432
"AO_0h_sl6A_sec6a",4,"AO_0h_sl6A_sec6a 4","basolateral_out",6,250,0.718020428556746,9.30179336808673e-06,5.98608917550468e-06,8.89093668099776e-07,0.0971490391958614,0.641645732850532
"AO_0h_sl6A_sec6a",4,"AO_0h_sl6A_sec6a 4","basolateral_out",7,500,NA,NA,NA,NA,NA,NA
"AO_0h_sl6A_sec6a",5,"AO_0h_sl6A_sec6a 5","mixed",1,10,1.27653807640342,8.68109291458716e-06,2.98048324533805e-06,8.50616396661474e-07,0.3783357436615,2.3085713883138
"AO_0h_sl6A_sec6a",5,"AO_0h_sl6A_sec6a 5","mixed",2,20,1.08626982168322,7.38717428540218e-06,3.16937163815256e-06,7.23831853199089e-07,0.287977435111217,1.75721294727195
"AO_0h_sl6A_sec6a",5,"AO_0h_sl6A_sec6a 5","mixed",3,50,1.31620201291901,8.95082738206212e-06,5.42006049164532e-06,8.7704631315199e-07,0.160286371046139,0.97805331992326
"AO_0h_sl6A_sec6a",5,"AO_0h_sl6A_sec6a 5","mixed",4,80,1.47003688695505,9.99698092788756e-06,6.19463044247891e-06,9.79553608979843e-07,0.127996694880293,0.781024559666646
"AO_0h_sl6A_sec6a",5,"AO_0h_sl6A_sec6a 5","mixed",5,160,1.14688591422541,7.7993938197858e-06,5.0070813305638e-06,7.64223160885897e-07,0.126879721058485,0.77420888377632
"AO_0h_sl6A_sec6a",5,"AO_0h_sl6A_sec6a 5","mixed",6,250,1.11752095565965,7.59969751737653e-06,5.0610204529289e-06,7.44655930025303e-07,0.116428617640482,0.710437171133975
"AO_0h_sl6A_sec6a",5,"AO_0h_sl6A_sec6a 5","mixed",7,500,NA,NA,NA,NA,NA,NA
"AO_0h_sl6A_sec6a",6,"AO_0h_sl6A_sec6a 6","mixed",1,10,0.423513606923161,1.35466962673351e-05,4.04443836156043e-06,9.93457457583597e-07,0.256184055461947,2.12930538624239
"AO_0h_sl6A_sec6a",6,"AO_0h_sl6A_sec6a 6","mixed",2,20,0.122139788539997,3.90681808201756e-06,1.70078063037636e-06,2.86509528405209e-07,0.198106730418831,1.64658853327561
"AO_0h_sl6A_sec6a",6,"AO_0h_sl6A_sec6a 6","mixed",3,50,0.325894145655057,1.04241963760393e-05,5.14874298243842e-06,7.6446651085426e-07,0.133447503305653,1.10916538914551
"AO_0h_sl6A_sec6a",6,"AO_0h_sl6A_sec6a 6","mixed",4,80,0.522472226234891,1.67120310687128e-05,9.25762784578547e-06,1.2255897356033e-06,0.135360043381541,1.12506170196502
"AO_0h_sl6A_sec6a",6,"AO_0h_sl6A_sec6a 6","mixed",5,160,0.183338072496402,5.86433385314591e-06,3.40363451020522e-06,4.3006546284025e-07,0.13697154065586,1.13845586039512
"AO_0h_sl6A_sec6a",6,"AO_0h_sl6A_sec6a 6","mixed",6,250,NA,NA,NA,NA,NA,NA
"AO_0h_sl6A_sec6a",6,"AO_0h_sl6A_sec6a 6","mixed",7,500,NA,NA,NA,NA,NA,NA
"AO_20h_sl4A_sec1a",1,"AO_20h_sl4A_sec1a 1","basolateral_out",1,10,0.441036565893772,4.13348811256201e-06,8.57519278399613e-07,2.95494610365689e-07,0.272156030358481,3.45442471815032
"AO_20h_sl4A_sec1a",1,"AO_20h_sl4A_sec1a 1","basolateral_out",2,20,0.83839171603502,7.85758474442664e-06,1.93229887655051e-06,5.61722661161978e-07,0.174136605482418,2.21028280549547
"AO_20h_sl4A_sec1a",1,"AO_20h_sl4A_sec1a 1","basolateral_out",3,50,0.742261083069636,6.95662809061672e-06,2.84706392214889e-06,4.97315112833763e-07,0.101454754408343,1.28774589686813
"AO_20h_sl4A_sec1a",1,"AO_20h_sl4A_sec1a 1","basolateral_out",4,80,0.854225687275876,8.00598407672711e-06,4.32357367859364e-06,5.72331425886228e-07,0.0486676000923522,0.617728589407452
"AO_20h_sl4A_sec1a",1,"AO_20h_sl4A_sec1a 1","basolateral_out",5,160,0.831139285739226,7.78961343153993e-06,4.70761063031084e-06,5.5686353103494e-07,0.0195712961537442,0.248414738819795
"AO_20h_sl4A_sec1a",1,"AO_20h_sl4A_sec1a 1","basolateral_out",6,250,0,0,0,0,0.0263239668235642,0.334125102998129
"AO_20h_sl4A_sec1a",1,"AO_20h_sl4A_sec1a 1","basolateral_out",7,500,NA,NA,NA,NA,NA,NA
"AO_20h_sl4A_sec1a",2,"AO_20h_sl4A_sec1a 2","mixed",1,10,0.40624916987553,1.2266727947272e-05,2.43465750134009e-06,1.0060554868888e-06,0.3118124631586,3.58161223672939
"AO_20h_sl4A_sec1a",2,"AO_20h_sl4A_sec1a 2","mixed",2,20,0.221103124111488,6.67622748028886e-06,1.78553699376339e-06,5.47550684838991e-07,0.194918161512477,2.23891394642167
"AO_20h_sl4A_sec1a",2,"AO_20h_sl4A_sec1a 2","mixed",3,50,0.221223297310722,6.67985612017509e-06,3.41831687368821e-06,5.4784828767841e-07,0.0785905993574505,0.902725469980234
"AO_20h_sl4A_sec1a",2,"AO_20h_sl4A_sec1a 2","mixed",4,80,0.402658435109464,1.21583054081697e-05,7.4177180707217e-06,9.97163214162509e-07,0.01566032201081,0.179881202877098
"AO_20h_sl4A_sec1a",2,"AO_20h_sl4A_sec1a 2","mixed",5,160,0.32905810715366,9.93593729812411e-06,6.36397949153406e-06,8.14895730885093e-07,0.0114847490891426,0.131918774050149
"AO_20h_sl4A_sec1a",2,"AO_20h_sl4A_sec1a 2","mixed",6,250,0.201464010376734,6.08322278471355e-06,4.01749170000997e-06,4.98915414675766e-07,0.0101583147963737,0.116682778522343
"AO_20h_sl4A_sec1a",2,"AO_20h_sl4A_sec1a 2","mixed",7,500,0.159764412727126,4.82409991675748e-06,3.44355095393076e-06,3.95648473775191e-07,0.0282551735474634,0.32455109171513
"AO_20h_sl4A_sec1a",3,"AO_20h_sl4A_sec1a 3","apical_out",1,10,0.701232639448037,1.4294315287079e-05,2.89019749467901e-06,9.69390005456183e-07,0.286184008171552,3.5328484378152
"AO_20h_sl4A_sec1a",3,"AO_20h_sl4A_sec1a 3","apical_out",2,20,0.135295426788848,2.7579370648548e-06,6.16450837564077e-07,1.87033556533069e-07,0.19500743649913,2.4073033353608
"AO_20h_sl4A_sec1a",3,"AO_20h_sl4A_sec1a 3","apical_out",3,50,0.569696229539366,1.16130041084593e-05,4.36039557441539e-06,7.87552946046882e-07,0.117339960027413,1.44852361641272
"AO_20h_sl4A_sec1a",3,"AO_20h_sl4A_sec1a 3","apical_out",4,80,0.410724549512464,8.37243715793937e-06,3.70167040258479e-06,5.67789134296821e-07,0.103040751242088,1.27200453785908
"AO_20h_sl4A_sec1a",3,"AO_20h_sl4A_sec1a 3","apical_out",5,160,0.208120397091703,4.24244167533695e-06,1.82850555615072e-06,2.87707419082878e-07,0.129031477428352,1.59285159354007
"AO_20h_sl4A_sec1a",3,"AO_20h_sl4A_sec1a 3","apical_out",6,250,NA,NA,NA,NA,NA,NA
"AO_20h_sl4A_sec1a",3,"AO_20h_sl4A_sec1a 3","apical_out",7,500,NA,NA,NA,NA,NA,NA
"AO_20h_sl4A_sec1a",4,"AO_20h_sl4A_sec1a 4","apical_out",1,10,0.149607794626671,4.55734312592438e-06,7.96607975528522e-07,2.91721192341213e-07,0.244957235751961,3.05938899019562
"AO_20h_sl4A_sec1a",4,"AO_20h_sl4A_sec1a 4","apical_out",2,20,0.352161806533677,1.07275305556389e-05,3.02411214164248e-06,6.86682551236037e-07,0.139539544461948,1.74277663084046
"AO_20h_sl4A_sec1a",4,"AO_20h_sl4A_sec1a 4","apical_out",3,50,0.335384490869895,1.02164610328069e-05,3.66310650977184e-06,6.53968356484778e-07,0.112280964977798,1.40233109263793
"AO_20h_sl4A_sec1a",4,"AO_20h_sl4A_sec1a 4","apical_out",4,80,0.203368399727056,6.19499525969959e-06,3.03128326743495e-06,3.96549338896041e-07,0.0840552446265483,1.04980646597047
"AO_20h_sl4A_sec1a",4,"AO_20h_sl4A_sec1a 4","apical_out",5,160,0.334193772482461,1.01801894450101e-05,4.61919109943541e-06,6.51646567111492e-07,0.0783751242228702,0.9788647043497
"AO_20h_sl4A_sec1a",4,"AO_20h_sl4A_sec1a 4","apical_out",6,250,0.359803047185854,1.09602975424568e-05,5.72728350463098e-06,7.01582255088912e-07,0.0604964384295461,0.755569179694741
"AO_20h_sl4A_sec1a",4,"AO_20h_sl4A_sec1a 4","apical_out",7,500,NA,NA,NA,NA,NA,NA
"AO_20h_sl4A_sec1a",5,"AO_20h_sl4A_sec1a 5","mixed",1,10,0.409740822982176,1.6137394243481e-05,3.27519058328474e-06,1.28482768182236e-06,0.37404555934823,3.67361252266753
"AO_20h_sl4A_sec1a",5,"AO_20h_sl4A_sec1a 5","mixed",2,20,0.155649381257869,6.1301566459278e-06,1.52996375414934e-06,4.88071049994769e-07,0.257121259843896,2.52526425297625
"AO_20h_sl4A_sec1a",5,"AO_20h_sl4A_sec1a 5","mixed",3,50,0.312107641384383,1.22921704963771e-05,4.52385541238158e-06,9.78678508136798e-07,0.165083223203529,1.62133136161151
"AO_20h_sl4A_sec1a",5,"AO_20h_sl4A_sec1a 5","mixed",4,80,0.28949665673622,1.14016505553934e-05,4.8297798512663e-06,9.07777056878463e-07,0.125400846412293,1.23159895424511
"AO_20h_sl4A_sec1a",5,"AO_20h_sl4A_sec1a 5","mixed",5,160,0.120019759478135,4.72690556339973e-06,2.28422987532851e-06,3.76346950789125e-07,0.0917061862988197,0.900673690607256
"AO_20h_sl4A_sec1a",5,"AO_20h_sl4A_sec1a 5","mixed",6,250,0,0,0,0,0.0644142318108815,0.632631300397721
"AO_20h_sl4A_sec1a",5,"AO_20h_sl4A_sec1a 5","mixed",7,500,NA,NA,NA,NA,NA,NA
"AO_20h_sl4A_sec1a",6,"AO_20h_sl4A_sec1a 6","apical_out",1,10,0.232656351555734,7.22236723433718e-06,1.49752244071438e-06,5.34895209169407e-07,0.337937529975614,3.62948657178199
"AO_20h_sl4A_sec1a",6,"AO_20h_sl4A_sec1a 6","apical_out",2,20,0.791085468027308,2.45577209718774e-05,6.77073039917067e-06,1.8187675688277e-06,0.221663871289839,2.38069457498177
"AO_20h_sl4A_sec1a",6,"AO_20h_sl4A_sec1a 6","apical_out",3,50,0.49634201712581,1.5407979612607e-05,5.46148353002007e-06,1.14112924618125e-06,0.168245480605271,1.80697513136201
"AO_20h_sl4A_sec1a",6,"AO_20h_sl4A_sec1a 6","apical_out",4,80,0.423816139394234,1.31565537672885e-05,5.27830773782608e-06,9.74386562046395e-07,0.14374392908914,1.54382574922017
"AO_20h_sl4A_sec1a",6,"AO_20h_sl4A_sec1a 6","apical_out",5,160,0.338866222775705,1.05194476223554e-05,4.56237118587234e-06,7.79080037574802e-07,0.195506945807415,2.09976629275041
"AO_20h_sl4A_sec1a",6,"AO_20h_sl4A_sec1a 6","apical_out",6,250,0.367752722642065,1.14161732382882e-05,6.52064012053579e-06,8.45492367540732e-07,0.0961976623218194,1.03317356808241
"AO_20h_sl4A_sec1a",6,"AO_20h_sl4A_sec1a 6","apical_out",7,500,0.750669920211317,2.33030983219813e-05,1.59521718999981e-05,1.72584905292141e-06,0.046413480864337,0.498485934838098
"AO_20h_sl4A_sec1a",8,"AO_20h_sl4A_sec1a 8","mixed",1,10,0.259637894209615,5.11860858777399e-06,1.52784684211373e-06,3.69070892330936e-07,0.207242961661257,2.87423263486149
"AO_20h_sl4A_sec1a",8,"AO_20h_sl4A_sec1a 8","mixed",2,20,0.203575052230444,4.0133625862873e-06,7.36563532283268e-07,2.89378506984611e-07,0.158714629496014,2.20119787939064
"AO_20h_sl4A_sec1a",8,"AO_20h_sl4A_sec1a 8","mixed",3,50,0.365989184537077,7.21526181186579e-06,2.60585398085159e-06,5.20247459762245e-07,0.0917899734228228,1.27302628301643
"AO_20h_sl4A_sec1a",8,"AO_20h_sl4A_sec1a 8","mixed",4,80,0.765628924337577,1.50939245563229e-05,6.72503062665349e-06,1.08832861689871e-06,0.0864313910432122,1.19870862113489
"AO_20h_sl4A_sec1a",8,"AO_20h_sl4A_sec1a 8","mixed",5,160,0.620215470440694,1.22271837203587e-05,4.95473705349834e-06,8.8162584205908e-07,0.11312962411263,1.56898383900543
"AO_20h_sl4A_sec1a",8,"AO_20h_sl4A_sec1a 8","mixed",6,250,NA,NA,NA,NA,NA,NA
"AO_20h_sl4A_sec1a",8,"AO_20h_sl4A_sec1a 8","mixed",7,500,NA,NA,NA,NA,NA,NA
"AO_20h_sl4A_sec1a",10,"AO_20h_sl4A_sec1a 10","apical_out",1,10,0.28114350068901,9.3331951690609e-06,2.02592016057204e-06,5.73539574648943e-07,0.177867783157957,2.75401656930603
"AO_20h_sl4A_sec1a",10,"AO_20h_sl4A_sec1a 10","apical_out",2,20,0.114022687779768,3.78524133099788e-06,1.05556602644699e-06,2.32609054412667e-07,0.109553367476031,1.69627002650797
"AO_20h_sl4A_sec1a",10,"AO_20h_sl4A_sec1a 10","apical_out",3,50,0.217149369884993,7.20876507907289e-06,3.68028739665182e-06,4.42989992419887e-07,0.0755936391538114,1.17045443006874
"AO_20h_sl4A_sec1a",10,"AO_20h_sl4A_sec1a 10","apical_out",4,80,0.308139162077342,1.02293772818884e-05,5.61055501608633e-06,6.28611380015549e-07,0.0429871168958451,0.665591205422048
"AO_20h_sl4A_sec1a",10,"AO_20h_sl4A_sec1a 10","apical_out",5,160,0.271901837652777,9.02639723635939e-06,5.52402477728092e-06,5.54686357434746e-07,0.024914991961966,0.385771382929114
"AO_20h_sl4A_sec1a",10,"AO_20h_sl4A_sec1a 10","apical_out",6,250,NA,NA,NA,NA,NA,NA
"AO_20h_sl4A_sec1a",10,"AO_20h_sl4A_sec1a 10","apical_out",7,500,NA,NA,NA,NA,NA,NA
"AO_20h_sl4A_sec1a",12,"AO_20h_sl4A_sec1a 12","apical_out",1,10,0.170204055955352,1.97141710418122e-05,3.59940344415633e-06,1.11447250451812e-06,0.266117135397027,4.24263810521006
"AO_20h_sl4A_sec1a",12,"AO_20h_sl4A_sec1a 12","apical_out",2,20,0,0,0,0,0.167469154125004,2.66991831878097
"AO_20h_sl4A_sec1a",12,"AO_20h_sl4A_sec1a 12","apical_out",3,50,0.131645171487805,1.52480233973982e-05,6.01654777337496e-06,8.61994287693225e-07,0.0995292304412758,1.58676931879039
"AO_20h_sl4A_sec1a",12,"AO_20h_sl4A_sec1a 12","apical_out",4,80,0.1002881885402,1.16160481091804e-05,6.59688714883488e-06,6.56673121146426e-07,0.0458868860767121,0.731563005546568
"AO_20h_sl4A_sec1a",12,"AO_20h_sl4A_sec1a 12","apical_out",5,160,0.138130124264826,1.59991539596324e-05,9.20335039370411e-06,9.04456857239657e-07,0.033031647748114,0.526615195992337
"AO_20h_sl4A_sec1a",12,"AO_20h_sl4A_sec1a 12","apical_out",6,250,0.0637329885163524,7.38198058539106e-06,7.23919532000501e-06,4.17314751599552e-07,0.00905720736583312,0.144396763627203
"AO_20h_sl4A_sec1a",12,"AO_20h_sl4A_sec1a 12","apical_out",7,500,NA,NA,NA,NA,NA,NA
"AO_20h_sl4A_sec1a",13,"AO_20h_sl4A_sec1a 13","basolateral_out",1,10,0.417038717979701,1.18928857019809e-05,2.58118795616713e-06,9.49129485325344e-07,0.326064512828453,4.08568908931496
"AO_20h_sl4A_sec1a",13,"AO_20h_sl4A_sec1a 13","basolateral_out",2,20,0.34055520166556,9.71176994846963e-06,2.63878588190453e-06,7.75062288814714e-07,0.2322136980237,2.90970938289155
"AO_20h_sl4A_sec1a",13,"AO_20h_sl4A_sec1a 13","basolateral_out",3,50,0.447492205111497,1.27613418574183e-05,4.30664232415344e-06,1.01843792437817e-06,0.14895170365866,1.86641086818681
"AO_20h_sl4A_sec1a",13,"AO_20h_sl4A_sec1a 13","basolateral_out",4,80,0.418113229221482,1.19235280352537e-05,5.60517130328402e-06,9.51574942444597e-07,0.105112709580444,1.31709472753048
"AO_20h_sl4A_sec1a",13,"AO_20h_sl4A_sec1a 13","basolateral_out",5,160,0.292247569993632,8.33415890844242e-06,4.69101143858247e-06,6.65119984636868e-07,0.0632506361427665,0.792550013305776
"AO_20h_sl4A_sec1a",13,"AO_20h_sl4A_sec1a 13","basolateral_out",6,250,0.179343910702307,5.1144331194511e-06,3.24985734046285e-06,4.08164964840028e-07,0.0444482838433176,0.556950729664227
"AO_20h_sl4A_sec1a",13,"AO_20h_sl4A_sec1a 13","basolateral_out",7,500,0.162321964222537,4.62901041124346e-06,3.37537338380372e-06,3.69425081454988e-07,0.0329506657821909,0.412882022959641
"AO_20h_sl4A_sec1a",16,"AO_20h_sl4A_sec1a 16","apical_out",1,10,0.0317118962439338,3.01513468391266e-06,4.86175962707989e-07,1.56965679995453e-07,0.226376936716449,3.27060760593236
"AO_20h_sl4A_sec1a",16,"AO_20h_sl4A_sec1a 16","apical_out",2,20,0.0950995244768023,9.04196559133415e-06,2.6421310987941e-06,4.70718036282707e-07,0.17083072996393,2.46809720482629
"AO_20h_sl4A_sec1a",16,"AO_20h_sl4A_sec1a 16","apical_out",3,50,0.113946878720259,1.08339527699724e-05,4.02694799879212e-06,5.64007562465025e-07,0.10479739350913,1.51407275522137
"AO_20h_sl4A_sec1a",16,"AO_20h_sl4A_sec1a 16","apical_out",4,80,0.100519222855802,9.55726497403803e-06,4.15246910952475e-06,4.97544140747928e-07,0.0940820856843411,1.35926207627152
"AO_20h_sl4A_sec1a",16,"AO_20h_sl4A_sec1a 16","apical_out",5,160,0.11758704993761,1.11800565289021e-05,5.15321920318793e-06,5.82025467986542e-07,0.0786364098165792,1.13610884474271
"AO_20h_sl4A_sec1a",16,"AO_20h_sl4A_sec1a 16","apical_out",6,250,0.0667884631566872,6.35017881617446e-06,3.26548081937108e-06,3.3058560909129e-07,0.053113309799,0.76736083421094
"AO_20h_sl4A_sec1a",16,"AO_20h_sl4A_sec1a 16","apical_out",7,500,NA,NA,NA,NA,NA,NA
"AO_20h_sl4A_sec1a",17,"AO_20h_sl4A_sec1a 17","apical_out",1,10,0.180642004977184,1.40164285334068e-05,2.95231839535976e-06,9.58221541123407e-07,0.303473019443064,3.43279427139961
"AO_20h_sl4A_sec1a",17,"AO_20h_sl4A_sec1a 17","apical_out",2,20,0.150211301959042,1.16552403140389e-05,3.15280277105261e-06,7.96800861878866e-07,0.214700237992746,2.42862363317246
"AO_20h_sl4A_sec1a",17,"AO_20h_sl4A_sec1a 17","apical_out",3,50,0.215880870741521,1.67506931561148e-05,7.31117343999773e-06,1.14514728004227e-06,0.109180698363579,1.23501877227085
"AO_20h_sl4A_sec1a",17,"AO_20h_sl4A_sec1a 17","apical_out",4,80,0.211503543338728,1.64110462577296e-05,8.26016785180632e-06,1.12192760081851e-06,0.0747791247116781,0.845878659663469
"AO_20h_sl4A_sec1a",17,"AO_20h_sl4A_sec1a 17","apical_out",5,160,0.0975219631168293,7.56695335969737e-06,4.46227128225976e-06,5.17308506418489e-07,0.0528793432714055,0.598155008938151
"AO_20h_sl4A_sec1a",17,"AO_20h_sl4A_sec1a 17","apical_out",6,250,0.247526560661719,1.92061550029473e-05,1.43521006366927e-05,1.31301289783739e-06,0.0117572288958495,0.132994188660578
"AO_20h_sl4A_sec1a",17,"AO_20h_sl4A_sec1a 17","apical_out",7,500,NA,NA,NA,NA,NA,NA
"AO_20h_sl4A_sec1b",1,"AO_20h_sl4A_sec1b 1","mixed",1,10,0.195278254815353,7.58078992603553e-06,1.22630796847253e-06,7.01699435345471e-07,0.326980381359799,3.50849860027816
"AO_20h_sl4A_sec1b",1,"AO_20h_sl4A_sec1b 1","mixed",2,20,0.173574163497717,6.73822731213843e-06,1.95168546516646e-06,6.23709447998072e-07,0.175385728493803,1.88188838844178
"AO_20h_sl4A_sec1b",1,"AO_20h_sl4A_sec1b 1","mixed",3,50,0.180816809223911,7.01939008579639e-06,3.23262188391446e-06,6.49734672472157e-07,0.0733657858163592,0.787214681732737
"AO_20h_sl4A_sec1b",1,"AO_20h_sl4A_sec1b 1","mixed",4,80,0.282048617312051,1.09492545331952e-05,6.69074751617117e-06,1.01349408153497e-06,0.0309711584740885,0.332320445965117
"AO_20h_sl4A_sec1b",1,"AO_20h_sl4A_sec1b 1","mixed",5,160,0.202595323670752,7.86484183913548e-06,5.66883961086292e-06,7.27992086767784e-07,0.0222404746248787,0.238640232072658
"AO_20h_sl4A_sec1b",1,"AO_20h_sl4A_sec1b 1","mixed",6,250,0,0,0,0,0.0129490434749753,0.138943201172978
"AO_20h_sl4A_sec1b",1,"AO_20h_sl4A_sec1b 1","mixed",7,500,NA,NA,NA,NA,NA,NA
"AO_20h_sl4A_sec2a",1,"AO_20h_sl4A_sec2a 1","apical_out",1,10,0.318204548234586,2.13013647675441e-05,3.52703349292613e-06,9.94885903136533e-07,0.322930438006669,5.30988450066824
"AO_20h_sl4A_sec2a",1,"AO_20h_sl4A_sec2a 1","apical_out",2,20,0.266500058822872,1.78401440050219e-05,4.57586516126965e-06,8.33228667468538e-07,0.20315748936955,3.34048041632969
"AO_20h_sl4A_sec2a",1,"AO_20h_sl4A_sec2a 1","apical_out",3,50,0.20886814362389,1.39821273465025e-05,4.60025122105177e-06,6.53038974014008e-07,0.109134631916889,1.79448024187072
"AO_20h_sl4A_sec2a",1,"AO_20h_sl4A_sec2a 1","apical_out",4,80,0.20561302992035,1.37642223393502e-05,6.08686030905629e-06,6.42861662738209e-07,0.0571770643270529,0.940151722884851
"AO_20h_sl4A_sec2a",1,"AO_20h_sl4A_sec2a 1","apical_out",5,160,0.134568167190846,9.00831126184544e-06,5.11707176737142e-06,4.20735571794511e-07,0.014538844400845,0.23905948605588
"AO_20h_sl4A_sec2a",1,"AO_20h_sl4A_sec2a 1","apical_out",6,250,0.271090117358185,1.81474133753296e-05,1.33373119898899e-05,8.47579765077577e-07,0.00058037418470693,0.00954298364373956
"AO_20h_sl4A_sec2a",1,"AO_20h_sl4A_sec2a 1","apical_out",7,500,NA,NA,NA,NA,NA,NA
"AO_20h_sl4A_sec2a",2,"AO_20h_sl4A_sec2a 2","apical_out",1,10,0.0501420350495396,7.84586274818604e-06,1.36484952130032e-06,4.22337204630132e-07,0.236630100439867,4.07818140326527
"AO_20h_sl4A_sec2a",2,"AO_20h_sl4A_sec2a 2","apical_out",2,20,0.142329399812681,2.22706743924276e-05,8.7233103098996e-06,1.1988145434102e-06,0.1278898228649,2.20410630898186
"AO_20h_sl4A_sec2a",2,"AO_20h_sl4A_sec2a 2","apical_out",3,50,0.136902848319322,2.14215668886976e-05,1.0123639534002e-05,1.15310769114099e-06,0.0625123871848954,1.07736443680352
"AO_20h_sl4A_sec2a",2,"AO_20h_sl4A_sec2a 2","apical_out",4,80,0.0624619680101358,9.77359669397008e-06,5.25885806936918e-06,5.26105750176163e-07,0.0334455678897332,0.576414804101466
"AO_20h_sl4A_sec2a",2,"AO_20h_sl4A_sec2a 2","apical_out",5,160,0.0704678734439133,1.10263028345628e-05,8.16632345904242e-06,5.93538029661712e-07,0.00635702293390671,0.109559572772008
"AO_20h_sl4A_sec2a",2,"AO_20h_sl4A_sec2a 2","apical_out",6,250,0.101041212543019,1.58101976662812e-05,1.89620147608641e-05,8.51051681801445e-07,0.00737248219944199,0.127060419387808
"AO_20h_sl4A_sec2a",2,"AO_20h_sl4A_sec2a 2","apical_out",7,500,NA,NA,NA,NA,NA,NA
"AO_20h_sl4A_sec2a",5,"AO_20h_sl4A_sec2a 5","apical_out",1,10,0.218585253363765,2.66381429455915e-05,3.55306960428322e-06,1.14358070806332e-06,0.344018775803552,7.29987537117972
"AO_20h_sl4A_sec2a",5,"AO_20h_sl4A_sec2a 5","apical_out",2,20,0.188070518459214,2.29194297303796e-05,4.48253013429761e-06,9.83935619423977e-07,0.204306928666903,4.33527243753857
"AO_20h_sl4A_sec2a",5,"AO_20h_sl4A_sec2a 5","apical_out",3,50,0.249880991922791,3.04520340681359e-05,8.58388512009185e-06,1.30731180295624e-06,0.15789762350894,3.35049437440855
"AO_20h_sl4A_sec2a",5,"AO_20h_sl4A_sec2a 5","apical_out",4,80,NA,NA,NA,NA,NA,NA
"AO_20h_sl4A_sec2a",5,"AO_20h_sl4A_sec2a 5","apical_out",5,160,NA,NA,NA,NA,NA,NA
"AO_20h_sl4A_sec2a",5,"AO_20h_sl4A_sec2a 5","apical_out",6,250,NA,NA,NA,NA,NA,NA
"AO_20h_sl4A_sec2a",5,"AO_20h_sl4A_sec2a 5","apical_out",7,500,NA,NA,NA,NA,NA,NA
"AO_20h_sl4A_sec2b",1,"AO_20h_sl4A_sec2b 1","apical_out",1,10,0.389216984550527,8.47416992374721e-06,1.4781440989984e-06,4.65961916782317e-07,0.288038144176698,4.40430704196006
"AO_20h_sl4A_sec2b",1,"AO_20h_sl4A_sec2b 1","apical_out",2,20,0.485427601816871,1.05689015298849e-05,2.8479210860238e-06,5.81143127818126e-07,0.153024446592322,2.33985206940217
"AO_20h_sl4A_sec2b",1,"AO_20h_sl4A_sec2b 1","apical_out",3,50,0.585104103167554,1.2739093590814e-05,4.59025466744458e-06,7.00473618190111e-07,0.0826243506969036,1.26338478763602
"AO_20h_sl4A_sec2b",1,"AO_20h_sl4A_sec2b 1","apical_out",4,80,0.404509265577108,8.8071188778906e-06,4.00123799361176e-06,4.84269495490241e-07,0.0568449752019864,0.869199894679811
"AO_20h_sl4A_sec2b",1,"AO_20h_sl4A_sec2b 1","apical_out",5,160,0.376493921280786,8.19715888780057e-06,4.14684892269527e-06,4.50730148427302e-07,0.0364747837969894,0.557725254029211
"AO_20h_sl4A_sec2b",1,"AO_20h_sl4A_sec2b 1","apical_out",6,250,0.341979490378685,7.44569848423262e-06,4.07716448020155e-06,4.09410239435237e-07,0.0276179775245242,0.422298418994596
"AO_20h_sl4A_sec2b",1,"AO_20h_sl4A_sec2b 1","apical_out",7,500,NA,NA,NA,NA,NA,NA
"AO_20h_sl4A_sec2b",2,"AO_20h_sl4A_sec2b 2","apical_out",1,10,0.341591734644091,1.33317856839092e-05,2.37275650238489e-06,6.53456078113891e-07,0.314191255639823,4.36744547106484
"AO_20h_sl4A_sec2b",2,"AO_20h_sl4A_sec2b 2","apical_out",2,20,0.333348686984409,1.30100725578711e-05,3.10126489441874e-06,6.37687342956954e-07,0.166842078258074,2.31920419805252
"AO_20h_sl4A_sec2b",2,"AO_20h_sl4A_sec2b 2","apical_out",3,50,0.445180039895873,1.73746735670573e-05,6.94171464055876e-06,8.51617804008172e-07,0.0810333445349208,1.12641172292836
"AO_20h_sl4A_sec2b",2,"AO_20h_sl4A_sec2b 2","apical_out",4,80,0.0717712973557374,2.80112033623928e-06,1.60872153139051e-06,1.37296619720882e-07,0.0366961245496433,0.510097974062323
"AO_20h_sl4A_sec2b",2,"AO_20h_sl4A_sec2b 2","apical_out",5,160,0.275196586070881,1.07404879402691e-05,6.06422183879997e-06,5.26443890779664e-07,0.0260724086211365,0.3624219990472
"AO_20h_sl4A_sec2b",2,"AO_20h_sl4A_sec2b 2","apical_out",6,250,0.302072512024646,1.17894128659426e-05,7.67791376051275e-06,5.77856836083288e-07,0.0063182530275132,0.0878274779285637
"AO_20h_sl4A_sec2b",2,"AO_20h_sl4A_sec2b 2","apical_out",7,500,NA,NA,NA,NA,NA,NA
"AO_20h_sl4A_sec2b",5,"AO_20h_sl4A_sec2b 5","mixed",1,10,0.101693143009388,3.37565927831298e-06,4.75597387321651e-07,1.86268834243655e-07,0.334698243465069,4.40338930046142
"AO_20h_sl4A_sec2b",5,"AO_20h_sl4A_sec2b 5","mixed",2,20,0.393921102973501,1.30760382344857e-05,3.08343217256434e-06,7.21535616497517e-07,0.210318219872073,2.7670088420211
"AO_20h_sl4A_sec2b",5,"AO_20h_sl4A_sec2b 5","mixed",3,50,0.354324923502848,1.17616604243366e-05,3.81019284109713e-06,6.490082663514e-07,0.145713365530543,1.91704822848399
"AO_20h_sl4A_sec2b",5,"AO_20h_sl4A_sec2b 5","mixed",4,80,0.257424138048933,8.54508135308967e-06,3.05475777436277e-06,4.71517475825543e-07,0.135981470572631,1.78901253374228
"AO_20h_sl4A_sec2b",5,"AO_20h_sl4A_sec2b 5","mixed",5,160,0.310094036582725,1.0293435533243e-05,4.35418715186011e-06,5.67991636317518e-07,0.101460034766852,1.334838291625
"AO_20h_sl4A_sec2b",5,"AO_20h_sl4A_sec2b 5","mixed",6,250,0.39343155075806,1.30597877634179e-05,6.31672801213347e-06,7.20638915719342e-07,0.0644913534106258,0.8484673616468
"AO_20h_sl4A_sec2b",5,"AO_20h_sl4A_sec2b 5","mixed",7,500,0.687293670275477,2.28144119291997e-05,1.17435058345629e-05,1.25889894792059e-06,0.0523860188200163,0.689205991575228
"AO_20h_sl4A_sec2b",6,"AO_20h_sl4A_sec2b 6","mixed",1,10,0.66037499864517,1.95762158850811e-05,3.04392339527412e-06,1.31918807052587e-06,0.456462528682604,5.38912497971337
"AO_20h_sl4A_sec2b",6,"AO_20h_sl4A_sec2b 6","mixed",2,20,0.523874166124183,1.55297729225123e-05,3.61979462177467e-06,1.04650925886891e-06,0.307047575300305,3.62509002170884
"AO_20h_sl4A_sec2b",6,"AO_20h_sl4A_sec2b 6","mixed",3,50,0.438432092340763,1.29969203985905e-05,4.56327592220201e-06,8.75827199906462e-07,0.167710955761876,1.98004270728734
"AO_20h_sl4A_sec2b",6,"AO_20h_sl4A_sec2b 6","mixed",4,80,0.301520494425087,8.93830066969793e-06,3.59215500722798e-06,6.02327829007291e-07,0.117437748486097,1.38650308439182
"AO_20h_sl4A_sec2b",6,"AO_20h_sl4A_sec2b 6","mixed",5,160,0.40673564190398,1.20573079695703e-05,5.37649236820003e-06,8.12509267852699e-07,0.115669440862777,1.36562594730862
"AO_20h_sl4A_sec2b",6,"AO_20h_sl4A_sec2b 6","mixed",6,250,0.327508652663162,9.70869597110692e-06,5.13844536175717e-06,6.54242677983923e-07,0.0790344839048985,0.933103343005852
"AO_20h_sl4A_sec2b",6,"AO_20h_sl4A_sec2b 6","mixed",7,500,NA,NA,NA,NA,NA,NA
"AO_20h_sl4A_sec2b",7,"AO_20h_sl4A_sec2b 7","apical_out",1,10,0.179271204979504,9.35826047001102e-06,1.4895802751044e-06,4.48472605017632e-07,0.235752781805297,4.02409176209286
"AO_20h_sl4A_sec2b",7,"AO_20h_sl4A_sec2b 7","apical_out",2,20,0.247682198554306,1.29294301788242e-05,3.28107548826454e-06,6.19612507289408e-07,0.170971143158673,2.9183264073152
"AO_20h_sl4A_sec2b",7,"AO_20h_sl4A_sec2b 7","apical_out",3,50,0.23804438751942,1.24263201225521e-05,4.59889232647303e-06,5.95502142091733e-07,0.092675405723952,1.58188732224745
"AO_20h_sl4A_sec2b",7,"AO_20h_sl4A_sec2b 7","apical_out",4,80,0.258211953068374,1.3479101195088e-05,5.40845545246758e-06,6.45954196896838e-07,0.0740747069711887,1.26438982318514
"AO_20h_sl4A_sec2b",7,"AO_20h_sl4A_sec2b 7","apical_out",5,160,0.170358667384593,8.89301091545215e-06,4.00090612069692e-06,4.26176615246355e-07,0.069135576792534,1.18008323341075
"AO_20h_sl4A_sec2b",7,"AO_20h_sl4A_sec2b 7","apical_out",6,250,0.159476852296214,8.3249617410452e-06,3.9643806697932e-06,3.98954195669472e-07,0.0534288183422499,0.911982739304302
"AO_20h_sl4A_sec2b",7,"AO_20h_sl4A_sec2b 7","apical_out",7,500,0.263880122898824,1.37749892584704e-05,7.58240604309943e-06,6.60133935856227e-07,0.0369194441559208,0.630182303475794
"AO_20h_sl4A_sec2b",8,"AO_20h_sl4A_sec2b 8","mixed",1,10,0.269148416017655,1.20278305265403e-05,2.11228218879215e-06,5.39113139936514e-07,0.338315263044703,4.95597210726417
"AO_20h_sl4A_sec2b",8,"AO_20h_sl4A_sec2b 8","mixed",2,20,0.329378928316903,1.4719439881635e-05,3.60739396455e-06,6.59756839372229e-07,0.219441197332587,3.21458879323824
"AO_20h_sl4A_sec2b",8,"AO_20h_sl4A_sec2b 8","mixed",3,50,0.323941315353795,1.44764412857046e-05,4.14102061970839e-06,6.48865121554694e-07,0.180995271134712,2.65139535005792
"AO_20h_sl4A_sec2b",8,"AO_20h_sl4A_sec2b 8","mixed",4,80,0.192028383488741,8.58145437770867e-06,2.83921324891668e-06,3.84639175334242e-07,0.141301683351635,2.06992494248669
"AO_20h_sl4A_sec2b",8,"AO_20h_sl4A_sec2b 8","mixed",5,160,0.305860296936706,1.36684282626827e-05,5.18843004631978e-06,6.12648246284481e-07,0.109508274265371,1.60418406160439
"AO_20h_sl4A_sec2b",8,"AO_20h_sl4A_sec2b 8","mixed",6,250,0.147140756353884,6.57549506386611e-06,3.16037513231437e-06,2.94727780100971e-07,0.0900177629205221,1.31866803222968
"AO_20h_sl4A_sec2b",8,"AO_20h_sl4A_sec2b 8","mixed",7,500,NA,NA,NA,NA,NA,NA
"AO_20h_sl4A_sec3a",1,"AO_20h_sl4A_sec3a 1","mixed",1,10,0.354697205111936,1.98643947721651e-05,4.18510520747423e-06,1.16572957018511e-06,0.307822936101479,3.1100934533247
"AO_20h_sl4A_sec3a",1,"AO_20h_sl4A_sec3a 1","mixed",2,20,0.536511820306689,3.0046705880137e-05,8.53376026739365e-06,1.76327212245153e-06,0.220278098534416,2.22558293036634
"AO_20h_sl4A_sec3a",1,"AO_20h_sl4A_sec3a 1","mixed",3,50,0.640493788305245,3.58700922269737e-05,1.24242929631771e-05,2.10501390421636e-06,0.170749184138494,1.72516683283989
"AO_20h_sl4A_sec3a",1,"AO_20h_sl4A_sec3a 1","mixed",4,80,0.276676287904411,1.54949261731453e-05,6.41736182355939e-06,9.09310041158729e-07,0.138497699546807,1.39931349533699
"AO_20h_sl4A_sec3a",1,"AO_20h_sl4A_sec3a 1","mixed",5,160,0.265509242476418,1.48695290862121e-05,7.17183223419217e-06,8.72609004670709e-07,0.0992812098668513,1.0030891289506
"AO_20h_sl4A_sec3a",1,"AO_20h_sl4A_sec3a 1","mixed",6,250,0.172283189298266,9.64851494600412e-06,5.84353750862945e-06,5.66217058709012e-07,0.0384439440737253,0.388418940764886
"AO_20h_sl4A_sec3a",1,"AO_20h_sl4A_sec3a 1","mixed",7,500,0.170244487986801,9.53433990574497e-06,5.23320980183878e-06,5.59516767955947e-07,0.033248453656254,0.335926228757027
"AO_20h_sl4A_sec3a",4,"AO_20h_sl4A_sec3a 4","apical_out",1,10,1.14835890916392,4.03691030373275e-05,9.14066469566138e-06,3.1109198789401e-06,0.323860482062215,2.59233361880425
"AO_20h_sl4A_sec3a",4,"AO_20h_sl4A_sec3a 4","apical_out",2,20,0.625149949029996,2.19763546960644e-05,5.9799037365059e-06,1.69353970107807e-06,0.261691387261557,2.09470256028129
"AO_20h_sl4A_sec3a",4,"AO_20h_sl4A_sec3a 4","apical_out",3,50,0.510142634592464,1.79334182155565e-05,6.12635437138119e-06,1.38198332453747e-06,0.186633739917124,1.49390538576852
"AO_20h_sl4A_sec3a",4,"AO_20h_sl4A_sec3a 4","apical_out",4,80,0.462352599633473,1.62534200633921e-05,6.6997311492449e-06,1.25251947087397e-06,0.14223763380355,1.1385377975732
"AO_20h_sl4A_sec3a",4,"AO_20h_sl4A_sec3a 4","apical_out",5,160,0.465490556551473,1.63637309645734e-05,8.22118675979876e-06,1.26102023877638e-06,0.114845490648395,0.919278031330513
"AO_20h_sl4A_sec3a",4,"AO_20h_sl4A_sec3a 4","apical_out",6,250,0.379247495428745,1.33319653789754e-05,8.23385894238959e-06,1.02738661506663e-06,0.0711270738976328,0.569334991715929
"AO_20h_sl4A_sec3a",4,"AO_20h_sl4A_sec3a 4","apical_out",7,500,0.218100491718124,7.66704655870262e-06,5.51352499175825e-06,5.90837193736329e-07,0.0492610417644261,0.394308851299463
"AO_20h_sl4A_sec3a",5,"AO_20h_sl4A_sec3a 5","apical_out",1,10,0.559308154984894,2.21999382828445e-05,5.05839206901575e-06,1.38935353088804e-06,0.266629925648791,2.69527837404607
"AO_20h_sl4A_sec3a",5,"AO_20h_sl4A_sec3a 5","apical_out",2,20,0.47477785660277,1.88447799673641e-05,5.50792655019425e-06,1.17937542225954e-06,0.174765579335992,1.76665048143319
"AO_20h_sl4A_sec3a",5,"AO_20h_sl4A_sec3a 5","apical_out",3,50,0.347698423092314,1.38007705857609e-05,5.22151578350531e-06,8.63702821963251e-07,0.11042164527422,1.11621781317307
"AO_20h_sl4A_sec3a",5,"AO_20h_sl4A_sec3a 5","apical_out",4,80,0.153275488416603,6.08377752549188e-06,2.84168321565588e-06,3.80745102913703e-07,0.0969587707136497,0.980125832622481
"AO_20h_sl4A_sec3a",5,"AO_20h_sl4A_sec3a 5","apical_out",5,160,0.254392113291749,1.00972767237262e-05,4.55585279662752e-06,6.31924597705015e-07,0.0768865042805931,0.777221580583008
"AO_20h_sl4A_sec3a",5,"AO_20h_sl4A_sec3a 5","apical_out",6,250,NA,NA,NA,NA,NA,NA
"AO_20h_sl4A_sec3a",5,"AO_20h_sl4A_sec3a 5","apical_out",7,500,NA,NA,NA,NA,NA,NA
"AO_20h_sl4A_sec3a",6,"AO_20h_sl4A_sec3a 6","apical_out",1,10,0.328014099849026,4.1885741956041e-05,1.02404770567177e-05,2.1013550955674e-06,0.236893871808059,3.37900067924179
"AO_20h_sl4A_sec3a",6,"AO_20h_sl4A_sec3a 6","apical_out",2,20,0.115463679561925,1.47441280409951e-05,4.36371784292469e-06,7.39694395796054e-07,0.159811261221888,2.27951173281839
"AO_20h_sl4A_sec3a",6,"AO_20h_sl4A_sec3a 6","apical_out",3,50,0.0855823662216509,1.09284354215181e-05,4.75395867242745e-06,5.48265886842532e-07,0.0686535157092047,0.979258241013932
"AO_20h_sl4A_sec3a",6,"AO_20h_sl4A_sec3a 6","apical_out",4,80,0.0749145100017412,9.56620412397038e-06,4.97495489857786e-06,4.7992445262734e-07,0.0380821767400269,0.543195567236194
"AO_20h_sl4A_sec3a",6,"AO_20h_sl4A_sec3a 6","apical_out",5,160,0.0771743658109109,9.85477628389981e-06,6.921206985386e-06,4.94401755651912e-07,0.0180294909108773,0.257168585954809
"AO_20h_sl4A_sec3a",6,"AO_20h_sl4A_sec3a 6","apical_out",6,250,0.055740792052739,7.11781729328396e-06,5.55916036413244e-06,3.57091958744753e-07,0.00971894196768248,0.138628792968183
"AO_20h_sl4A_sec3a",6,"AO_20h_sl4A_sec3a 6","apical_out",7,500,NA,NA,NA,NA,NA,NA
"AO_20h_sl4A_sec3a",7,"AO_20h_sl4A_sec3a 7","mixed",1,10,0.255359946878405,7.95172756325864e-06,1.9887817011214e-06,7.46539521497011e-07,0.254898475756083,2.1215309225708
"AO_20h_sl4A_sec3a",7,"AO_20h_sl4A_sec3a 7","mixed",2,20,0.388851637047016,1.21085640803228e-05,3.78170439834212e-06,1.13679971586397e-06,0.145997859059978,1.2151464292053
"AO_20h_sl4A_sec3a",7,"AO_20h_sl4A_sec3a 7","mixed",3,50,0.430482820676154,1.34049296004509e-05,5.57845809547071e-06,1.2585076198864e-06,0.108918146635063,0.906530395797678
"AO_20h_sl4A_sec3a",7,"AO_20h_sl4A_sec3a 7","mixed",4,80,0.453086775907739,1.41088007284444e-05,6.674717904087e-06,1.32458981534739e-06,0.0658351409855026,0.547948695959273
"AO_20h_sl4A_sec3a",7,"AO_20h_sl4A_sec3a 7","mixed",5,160,0.577625186651028,1.79868384767189e-05,9.10375588754939e-06,1.68867528255093e-06,0.0560883182912834,0.466825473541936
"AO_20h_sl4A_sec3a",7,"AO_20h_sl4A_sec3a 7","mixed",6,250,0.469151122930765,1.46090330967945e-05,8.00639972370048e-06,1.37155360151016e-06,0.0292848776847748,0.243739290271023
"AO_20h_sl4A_sec3a",7,"AO_20h_sl4A_sec3a 7","mixed",7,500,NA,NA,NA,NA,NA,NA
"AO_20h_sl4A_sec3a",8,"AO_20h_sl4A_sec3a 8","apical_out",1,10,1.05538042893376,4.08027103710674e-05,9.3932443621736e-06,2.58080685638347e-06,0.239337971269554,2.91498669114375
"AO_20h_sl4A_sec3a",8,"AO_20h_sl4A_sec3a 8","apical_out",2,20,0.47777034961619,1.84713726584525e-05,5.27215673070796e-06,1.16833035771936e-06,0.154521851883957,1.88197944247353
"AO_20h_sl4A_sec3a",8,"AO_20h_sl4A_sec3a 8","apical_out",3,50,0.757825178687385,2.92987442538831e-05,9.82811306306294e-06,1.85317101158712e-06,0.120624285557797,1.46912830072288
"AO_20h_sl4A_sec3a",8,"AO_20h_sl4A_sec3a 8","apical_out",4,80,0.409903196537238,1.58475190082697e-05,6.0113434071593e-06,1.00236933628338e-06,0.108867505598937,1.32593807925908
"AO_20h_sl4A_sec3a",8,"AO_20h_sl4A_sec3a 8","apical_out",5,160,0.369529224784372,1.42865961118444e-05,7.10093216497352e-06,9.03639607872084e-07,0.0828811653596659,1.00944071970014
"AO_20h_sl4A_sec3a",8,"AO_20h_sl4A_sec3a 8","apical_out",6,250,0.202005847184113,7.80987201386959e-06,4.53193760129549e-06,4.93981185503897e-07,0.0492528457287006,0.599868834178516
"AO_20h_sl4A_sec3a",8,"AO_20h_sl4A_sec3a 8","apical_out",7,500,0.124754400207397,4.8232064188658e-06,3.49755612813064e-06,3.05071993560216e-07,0.0298370740855137,0.363396887675576
"AO_20h_sl4A_sec3b",1,"AO_20h_sl4A_sec3b 1","mixed",1,10,0.235296323084916,2.29115621250311e-05,4.01914884833165e-06,1.23269929667888e-06,0.333814787072501,4.82578207279546
"AO_20h_sl4A_sec3b",1,"AO_20h_sl4A_sec3b 1","mixed",2,20,0.239565463977251,2.33272621474235e-05,5.72802226242699e-06,1.25506499668817e-06,0.166294057804651,2.4040243693333
"AO_20h_sl4A_sec3b",1,"AO_20h_sl4A_sec3b 1","mixed",3,50,0.195319025480394,1.90188436768711e-05,5.80925373271882e-06,1.02326131654338e-06,0.103852847423686,1.50134514321901
"AO_20h_sl4A_sec3b",1,"AO_20h_sl4A_sec3b 1","mixed",4,80,0.231762447276304,2.2567457236057e-05,8.77200149857597e-06,1.21418559375861e-06,0.0847504622565172,1.22519216420991
"AO_20h_sl4A_sec3b",1,"AO_20h_sl4A_sec3b 1","mixed",5,160,0.107149982628046,1.04335395109107e-05,4.68833349453294e-06,5.61350498354703e-07,0.0660331386342352,0.954605814278382
"AO_20h_sl4A_sec3b",1,"AO_20h_sl4A_sec3b 1","mixed",6,250,NA,NA,NA,NA,NA,NA
"AO_20h_sl4A_sec3b",1,"AO_20h_sl4A_sec3b 1","mixed",7,500,NA,NA,NA,NA,NA,NA
"AO_20h_sl4A_sec3b",2,"AO_20h_sl4A_sec3b 2","apical_out",1,10,0.215262601492861,2.35560127331449e-05,3.796108757501e-06,1.27754270326011e-06,0.333277833996511,5.26079965565456
"AO_20h_sl4A_sec3b",2,"AO_20h_sl4A_sec3b 2","apical_out",2,20,0.289351028315363,3.16634494801983e-05,6.20680093316008e-06,1.71724346143498e-06,0.225547087751568,3.56026690208794
"AO_20h_sl4A_sec3b",2,"AO_20h_sl4A_sec3b 2","apical_out",3,50,0.249273854615941,2.72778367103771e-05,7.45143182826438e-06,1.47939303840792e-06,0.157455694739401,2.48544241521494
"AO_20h_sl4A_sec3b",2,"AO_20h_sl4A_sec3b 2","apical_out",4,80,0.219313986452244,2.39993525191934e-05,7.93501091047512e-06,1.30158690442214e-06,0.135358475425713,2.13663720857288
"AO_20h_sl4A_sec3b",2,"AO_20h_sl4A_sec3b 2","apical_out",5,160,0.172951641896182,1.89259585755767e-05,6.62646830456442e-06,1.02643518469533e-06,0.110279387513767,1.7407631251717
"AO_20h_sl4A_sec3b",2,"AO_20h_sl4A_sec3b 2","apical_out",6,250,0.180093092011866,1.97074416975475e-05,9.09379241508974e-06,1.06881833635622e-06,0.0796103302935335,1.25665122451303
"AO_20h_sl4A_sec3b",2,"AO_20h_sl4A_sec3b 2","apical_out",7,500,0.0754322852659439,8.25449409183008e-06,4.30567749424665e-06,4.47676303098741e-07,0.047388299826798,0.748025599006637
"AO_20h_sl4A_sec3b",3,"AO_20h_sl4A_sec3b 3","apical_out",1,10,0.0783236313395395,1.23418579886552e-05,2.16530128957011e-06,5.47396235488669e-07,0.276001419990802,5.27905369954781
"AO_20h_sl4A_sec3b",3,"AO_20h_sl4A_sec3b 3","apical_out",2,20,0.230001906570421,3.62425850214515e-05,9.64719146246165e-06,1.60746093686679e-06,0.168933168457835,3.23116912932326
"AO_20h_sl4A_sec3b",3,"AO_20h_sl4A_sec3b 3","apical_out",3,50,0.211743652472844,3.33655378858787e-05,9.37821013171657e-06,1.47985577621888e-06,0.12637208540593,2.41710721997002
"AO_20h_sl4A_sec3b",3,"AO_20h_sl4A_sec3b 3","apical_out",4,80,0.180189431891558,2.83933768318452e-05,9.75169755261536e-06,1.25932640003232e-06,0.0963441402370604,1.84276548274699
"AO_20h_sl4A_sec3b",3,"AO_20h_sl4A_sec3b 3","apical_out",5,160,0.119634727768241,1.88514602218357e-05,7.44000705103009e-06,8.36115467248352e-07,0.0874075430128325,1.67183601202362
"AO_20h_sl4A_sec3b",3,"AO_20h_sl4A_sec3b 3","apical_out",6,250,0.0502751104103436,7.92210808457734e-06,4.20902914447275e-06,3.5136785292929e-07,0.0547681143720706,1.04754467133818
"AO_20h_sl4A_sec3b",3,"AO_20h_sl4A_sec3b 3","apical_out",7,500,0.0764257989082898,1.2042806757856e-05,7.07592330378813e-06,5.34132469359761e-07,0.0390947662039916,0.747761986764476
"AO_20h_sl4A_sec3b",4,"AO_20h_sl4A_sec3b 4","mixed",1,10,0.149034818744304,1.75762206423172e-05,2.96451695015463e-06,1.33265475472992e-06,0.32357366321282,4.22283628792642
"AO_20h_sl4A_sec3b",4,"AO_20h_sl4A_sec3b 4","mixed",2,20,0.357253252037069,4.21321811633957e-05,1.14489711938384e-05,3.19452359509861e-06,0.148644467910411,1.93990217516172
"AO_20h_sl4A_sec3b",4,"AO_20h_sl4A_sec3b 4","mixed",3,50,0.118194238599067,1.39390783561259e-05,6.02312520157535e-06,1.05688130718613e-06,0.0472257418126378,0.616325118276033
"AO_20h_sl4A_sec3b",4,"AO_20h_sl4A_sec3b 4","mixed",4,80,0.0784090281905403,9.24706314563334e-06,4.65532266269073e-06,7.01125851745761e-07,0.0210839880294388,0.275159074631983
"AO_20h_sl4A_sec3b",4,"AO_20h_sl4A_sec3b 4","mixed",5,160,0.0624866986839242,7.36928465798946e-06,4.1225098274431e-06,5.58749940518109e-07,0.0166364776456754,0.217116315363491
"AO_20h_sl4A_sec3b",4,"AO_20h_sl4A_sec3b 4","mixed",6,250,0,0,0,0,0.0124686958011491,0.162724186416794
"AO_20h_sl4A_sec3b",4,"AO_20h_sl4A_sec3b 4","mixed",7,500,NA,NA,NA,NA,NA,NA
"AO_20h_sl4A_sec3b",5,"AO_20h_sl4A_sec3b 5","apical_out",1,10,0,0,0,0,0.187517742582197,3.54950983951858
"AO_20h_sl4A_sec3b",5,"AO_20h_sl4A_sec3b 5","apical_out",2,20,0.0837978847284509,3.07614721590188e-05,8.04971035125928e-06,1.55559360577011e-06,0.114849168831971,2.17397164244827
"AO_20h_sl4A_sec3b",5,"AO_20h_sl4A_sec3b 5","apical_out",3,50,0.0299204337716071,1.09835301145563e-05,4.50044684378981e-06,5.55432104375989e-07,0.0437453739611527,0.828053032050915
"AO_20h_sl4A_sec3b",5,"AO_20h_sl4A_sec3b 5","apical_out",4,80,0.0393798526255496,1.44560002211586e-05,5.97263232902867e-06,7.31033332631077e-07,0.0276529779863163,0.523441228028836
"AO_20h_sl4A_sec3b",5,"AO_20h_sl4A_sec3b 5","apical_out",5,160,0.0489112174169726,1.795488105352e-05,8.52383611884168e-06,9.07970139232425e-07,0.0198816818465649,0.376338923286825
"AO_20h_sl4A_sec3b",5,"AO_20h_sl4A_sec3b 5","apical_out",6,250,0.0264464749553151,9.70827015119039e-06,4.49235865585816e-06,4.90942790130832e-07,0.0248865195923642,0.471075136400747
"AO_20h_sl4A_sec3b",5,"AO_20h_sl4A_sec3b 5","apical_out",7,500,NA,NA,NA,NA,NA,NA
"AO_20h_sl4A_sec3b",6,"AO_20h_sl4A_sec3b 6","apical_out",1,10,0,0,0,0,0.258704768243644,5.79619447983404
"AO_20h_sl4A_sec3b",6,"AO_20h_sl4A_sec3b 6","apical_out",2,20,0,0,0,0,0.142186751843631,3.18564698956542
"AO_20h_sl4A_sec3b",6,"AO_20h_sl4A_sec3b 6","apical_out",3,50,0.130379164330047,3.48030073280851e-05,1.10638265914795e-05,1.49404047425566e-06,0.0843971807436504,1.8908908268718
"AO_20h_sl4A_sec3b",6,"AO_20h_sl4A_sec3b 6","apical_out",4,80,0.089158517865282,2.37996965739986e-05,8.67437938352543e-06,1.02168498317855e-06,0.0831876900932905,1.86379259022692
"AO_20h_sl4A_sec3b",6,"AO_20h_sl4A_sec3b 6","apical_out",5,160,0.313673990197838,8.37311562440289e-05,3.03610932651307e-05,3.59445191633922e-06,0.0668134214521044,1.49693253521634
"AO_20h_sl4A_sec3b",6,"AO_20h_sl4A_sec3b 6","apical_out",6,250,NA,NA,NA,NA,NA,NA
"AO_20h_sl4A_sec3b",6,"AO_20h_sl4A_sec3b 6","apical_out",7,500,NA,NA,NA,NA,NA,NA
"AO_20h_sl4A_sec4a",1,"AO_20h_sl4A_sec4a 1","basolateral_out",1,10,1.38467625340513,8.54684415745411e-06,3.20120793543569e-06,1.18575482277444e-06,0.302068330517009,1.16997183193181
"AO_20h_sl4A_sec4a",1,"AO_20h_sl4A_sec4a 1","basolateral_out",2,20,0.901595140310636,5.56505041406125e-06,3.03038405501599e-06,7.72072737713478e-07,0.137960312693493,0.534348236704021
"AO_20h_sl4A_sec4a",1,"AO_20h_sl4A_sec4a 1","basolateral_out",3,50,1.20986721266877,7.46784419279554e-06,5.39454625794148e-06,1.03605870239398e-06,0.0731269821914834,0.283235614841778
"AO_20h_sl4A_sec4a",1,"AO_20h_sl4A_sec4a 1","basolateral_out",4,80,0.646063421253901,3.98779379924352e-06,3.55878952657117e-06,5.53250491359321e-07,0.0423250513765173,0.163933497466738
"AO_20h_sl4A_sec4a",1,"AO_20h_sl4A_sec4a 1","basolateral_out",5,160,0.930868961135944,5.74574159286342e-06,4.99391482879169e-06,7.97141105961495e-07,0.050766135713729,0.196627526955348
"AO_20h_sl4A_sec4a",1,"AO_20h_sl4A_sec4a 1","basolateral_out",6,250,1.52763565017998,9.42925380524986e-06,8.13576513528299e-06,1.3081767923647e-06,0.0623005181925683,0.24130252673395
"AO_20h_sl4A_sec4a",1,"AO_20h_sl4A_sec4a 1","basolateral_out",7,500,1.76279020141561,1.08807333820711e-05,8.63980530985291e-06,1.50954923775712e-06,0.0881624389114637,0.341470984344097
"AO_20h_sl4A_sec4a",2,"AO_20h_sl4A_sec4a 2","mixed",1,10,0.812320941566237,5.91890088347446e-06,2.34116583495002e-06,4.87841558930798e-07,0.327610443453682,1.42311796172324
"AO_20h_sl4A_sec4a",2,"AO_20h_sl4A_sec4a 2","mixed",2,20,1.90635270165532,1.38904614083761e-05,7.04585931247246e-06,1.1448653189395e-06,0.241536077365429,1.04921664425364
"AO_20h_sl4A_sec4a",2,"AO_20h_sl4A_sec4a 2","mixed",3,50,0.840981964036158,6.12773675429592e-06,4.02407008274146e-06,5.0505401421395e-07,0.137111213363206,0.595601985192615
"AO_20h_sl4A_sec4a",2,"AO_20h_sl4A_sec4a 2","mixed",4,80,0.663911497856099,4.83752929431143e-06,3.55342218693229e-06,3.98713862382669e-07,0.0963703894936681,0.41862655787435
"AO_20h_sl4A_sec4a",2,"AO_20h_sl4A_sec4a 2","mixed",5,160,0.778657356576571,5.67361430677723e-06,4.78433275540567e-06,4.67624801070421e-07,0.0739674842095535,0.321309828381519
"AO_20h_sl4A_sec4a",2,"AO_20h_sl4A_sec4a 2","mixed",6,250,0.851051546241391,6.20110782718228e-06,5.68307768880983e-06,5.11101329295241e-07,0.0355682624710482,0.154506164871365
"AO_20h_sl4A_sec4a",2,"AO_20h_sl4A_sec4a 2","mixed",7,500,0,0,0,0,0.0332994467878307,0.144650580548142
"AO_20h_sl4A_sec4b",1,"AO_20h_sl4A_sec4b 1","basolateral_out",1,10,0.406816952287128,3.98107519779638e-06,1.84469263684657e-06,8.33646233521829e-07,0.316721792648483,0.789429874273605
"AO_20h_sl4A_sec4b",1,"AO_20h_sl4A_sec4b 1","basolateral_out",2,20,1.06355255627328,1.04078325141773e-05,6.04154593916757e-06,2.17942388512846e-06,0.156271908013175,0.389508128454728
"AO_20h_sl4A_sec4b",1,"AO_20h_sl4A_sec4b 1","basolateral_out",3,50,1.08870233371071,1.0653946041707e-05,7.25902989574579e-06,2.23096061956579e-06,0.111438428219283,0.277760565961542
"AO_20h_sl4A_sec4b",1,"AO_20h_sl4A_sec4b 1","basolateral_out",4,80,0.606073288051088,5.93098031323959e-06,4.34777832058532e-06,1.24196081550057e-06,0.0574129900571155,0.143102023840725
"AO_20h_sl4A_sec4b",1,"AO_20h_sl4A_sec4b 1","basolateral_out",5,160,0.647995329380874,6.34122575173649e-06,4.76377992746469e-06,1.32786714673786e-06,0.0497648144073202,0.12403892656803
"AO_20h_sl4A_sec4b",1,"AO_20h_sl4A_sec4b 1","basolateral_out",6,250,0,0,0,0,0,0
"AO_20h_sl4A_sec4b",1,"AO_20h_sl4A_sec4b 1","basolateral_out",7,500,NA,NA,NA,NA,NA,NA
"AO_20h_sl4A_sec5b",2,"AO_20h_sl4A_sec5b 2","mixed",1,10,0.563216387696535,9.62858385660261e-06,2.69387855471373e-06,6.46631751818751e-07,0.251746527840855,2.62146702562823
"AO_20h_sl4A_sec5b",2,"AO_20h_sl4A_sec5b 2","mixed",2,20,1.05851840504539,1.80961233539751e-05,6.73562631827613e-06,1.21529065122957e-06,0.146260766860761,1.52303104538135
"AO_20h_sl4A_sec5b",2,"AO_20h_sl4A_sec5b 2","mixed",3,50,0.697921095822626,1.19314564405767e-05,5.71743523070566e-06,8.01286948820476e-07,0.0791887692393821,0.82460222645992
"AO_20h_sl4A_sec5b",2,"AO_20h_sl4A_sec5b 2","mixed",4,80,0.863435414018585,1.47610411739614e-05,7.80592958303745e-06,9.9131482418799e-07,0.0461395945699422,0.480457175629533
"AO_20h_sl4A_sec5b",2,"AO_20h_sl4A_sec5b 2","mixed",5,160,0.385512243020598,6.59060538854706e-06,4.01368271168503e-06,4.42608671369665e-07,0.0346284220349934,0.360589944547951
"AO_20h_sl4A_sec5b",2,"AO_20h_sl4A_sec5b 2","mixed",6,250,0.563207907225841,9.62843887693759e-06,6.70347698130507e-06,6.46622015344917e-07,0.0176079716892923,0.183353937659291
"AO_20h_sl4A_sec5b",2,"AO_20h_sl4A_sec5b 2","mixed",7,500,0.46027234633287,7.86868241115376e-06,4.32327519931461e-06,5.28441146466274e-07,0.0183011092039893,0.190571662386572
"AO_20h_sl4A_sec5b",3,"AO_20h_sl4A_sec5b 3","mixed",1,10,0.445728886029457,9.25170323232324e-06,2.09652032945752e-06,6.8917003520674e-07,0.293903325152599,2.6638268409162
"AO_20h_sl4A_sec5b",3,"AO_20h_sl4A_sec5b 3","mixed",2,20,0.801115690362746,1.66282349075848e-05,5.19827265589242e-06,1.23865638022724e-06,0.213799509510887,1.93779662654076
"AO_20h_sl4A_sec5b",3,"AO_20h_sl4A_sec5b 3","mixed",3,50,0.602857080374393,1.25131104892316e-05,5.0215335635932e-06,9.32116020137846e-07,0.142527509427261,1.29181459578296
"AO_20h_sl4A_sec5b",3,"AO_20h_sl4A_sec5b 3","mixed",4,80,0.456596494250206,9.47727507488244e-06,4.16997411592803e-06,7.05973141702314e-07,0.11332231157714,1.02710990117964
"AO_20h_sl4A_sec5b",3,"AO_20h_sl4A_sec5b 3","mixed",5,160,0.381197966755461,7.91227710773377e-06,3.8419701818569e-06,5.89394639664967e-07,0.0877850154551394,0.795649658874149
"AO_20h_sl4A_sec5b",3,"AO_20h_sl4A_sec5b 3","mixed",6,250,0,0,0,0,0.0710360988052003,0.643843912187851
"AO_20h_sl4A_sec5b",3,"AO_20h_sl4A_sec5b 3","mixed",7,500,NA,NA,NA,NA,NA,NA
"AO_20h_sl4A_sec5b",4,"AO_20h_sl4A_sec5b 4","apical_out",1,10,3.19928426525581,1.49191731075642e-05,3.84999196992743e-06,8.62290945711989e-07,0.124392512527685,1.90760254820881
"AO_20h_sl4A_sec5b",4,"AO_20h_sl4A_sec5b 4","apical_out",2,20,3.43149486438075,1.60020372229476e-05,5.47979442406055e-06,9.24877787180977e-07,0.0861733006164103,1.32149760868317
"AO_20h_sl4A_sec5b",4,"AO_20h_sl4A_sec5b 4","apical_out",3,50,1.59813907010689,7.45257734544569e-06,3.1385863766968e-06,4.30740358119305e-07,0.0378603579434426,0.580601788816946
"AO_20h_sl4A_sec5b",4,"AO_20h_sl4A_sec5b 4","apical_out",4,80,1.89506155536565,8.83721140413552e-06,6.05191680787614e-06,5.10768748655731e-07,0.0119299726945555,0.182950290574205
"AO_20h_sl4A_sec5b",4,"AO_20h_sl4A_sec5b 4","apical_out",5,160,1.22799085817351,5.7264708818027e-06,3.75529866052446e-06,3.30975715387219e-07,0.0146489094850128,0.224646134194542
"AO_20h_sl4A_sec5b",4,"AO_20h_sl4A_sec5b 4","apical_out",6,250,1.45174724890374,6.76991061720898e-06,3.02669689819014e-06,3.91283926153992e-07,0.0551235004088169,0.845338097199739
"AO_20h_sl4A_sec5b",4,"AO_20h_sl4A_sec5b 4","apical_out",7,500,NA,NA,NA,NA,NA,NA
"AO_20h_sl4A_sec5b",5,"AO_20h_sl4A_sec5b 5","apical_out",1,10,0.0925877674538602,3.68799272762141e-06,9.99632636400959e-07,2.10239995697638e-07,0.162705526277588,2.25308055824327
"AO_20h_sl4A_sec5b",5,"AO_20h_sl4A_sec5b 5","apical_out",2,20,0.310377891974177,1.23630954703132e-05,4.49949573181403e-06,7.04778271123249e-07,0.124673100079073,1.72642284715543
"AO_20h_sl4A_sec5b",5,"AO_20h_sl4A_sec5b 5","apical_out",3,50,0.387200222849495,1.54231130663556e-05,7.0361893700971e-06,8.79219527855766e-07,0.0695019654862223,0.962435209050871
"AO_20h_sl4A_sec5b",5,"AO_20h_sl4A_sec5b 5","apical_out",4,80,0.189026829629078,7.5293917562574e-06,4.10391752734991e-06,4.2922516592443e-07,0.0531164980294234,0.735535858984193
"AO_20h_sl4A_sec5b",5,"AO_20h_sl4A_sec5b 5","apical_out",5,160,0.162227831334196,6.46192341203667e-06,3.47313226178348e-06,3.68372404904731e-07,0.052717558283491,0.730011502153575
"AO_20h_sl4A_sec5b",5,"AO_20h_sl4A_sec5b 5","apical_out",6,250,NA,NA,NA,NA,NA,NA
"AO_20h_sl4A_sec5b",5,"AO_20h_sl4A_sec5b 5","apical_out",7,500,NA,NA,NA,NA,NA,NA
"AO_20h_sl4A_sec5b",7,"AO_20h_sl4A_sec5b 7","mixed",1,10,0.340820684124617,1.33899693217883e-05,3.8314127846411e-06,8.16621127345324e-07,0.23885855642645,2.91049442416519
"AO_20h_sl4A_sec5b",7,"AO_20h_sl4A_sec5b 7","mixed",2,20,0.566368294052042,2.22511556235759e-05,6.84691045193805e-06,1.35704297398897e-06,0.138333971774002,1.68560113376066
"AO_20h_sl4A_sec5b",7,"AO_20h_sl4A_sec5b 7","mixed",3,50,0.438771750812636,1.72382151562737e-05,6.01153213911946e-06,1.05131612747096e-06,0.122668852532046,1.4947214646807
"AO_20h_sl4A_sec5b",7,"AO_20h_sl4A_sec5b 7","mixed",4,80,0.367319252245618,1.4431030004836e-05,5.0507735432071e-06,8.80112844779049e-07,0.131062357204281,1.59699642151385
"AO_20h_sl4A_sec5b",7,"AO_20h_sl4A_sec5b 7","mixed",5,160,0.224615787137108,8.82457737763218e-06,3.31150582653548e-06,5.38189158861013e-07,0.0882898029563647,1.07581232617166
"AO_20h_sl4A_sec5b",7,"AO_20h_sl4A_sec5b 7","mixed",6,250,0.191601303623091,7.52752311414817e-06,4.33725994124516e-06,4.59085025802931e-07,0.0605428028215834,0.737714791011935
"AO_20h_sl4A_sec5b",7,"AO_20h_sl4A_sec5b 7","mixed",7,500,0.391495187640088,1.53808404134646e-05,1.02024622323656e-05,9.38039433557449e-07,0.0265641182745812,0.323684105261853
