page	subtype	color	x_center	y_center_from_top	x0	y0	x1	y1	path	contents
2	/Text	0.588,0.263,0.988	409.09	397.0						in
2	/Popup		896.67	439.85						
2	/Text	0.588,0.263,0.988	519.37	239.05						mixed
2	/Popup		896.67	281.91						
2	/Ink	0.024,0.541,0.11	498.85	275.66	439.72	253.33	566.0	303.54	439.72,253.33;440.48,253.33;442.00,254.09;446.56,254.85;448.85,255.61;449.61,255.61;451.89,256.37;452.65,256.37;453.41,256.37;453.41,257.13;454.17,257.13;454.93,257.13;454.93,258.66;455.69,258.66;456.45,258.66;456.45,259.42;458.74,259.42;459.50,260.18;463.30,261.70;464.82,261.70;465.58,262.46;467.10,263.22;467.10,263.98;468.62,263.98;469.39,263.98;470.15,264.74;471.67,265.50;472.43,265.50;475.47,265.50;476.23,265.50;476.99,265.50;477.75,265.50;478.51,266.26;480.80,266.26;481.56,266.26;482.32,267.02;483.08,267.02;483.84,267.02;484.60,267.02;484.60,267.79;486.88,268.55;486.88,269.31;487.64,269.31;488.40,270.07;491.45,271.59;492.21,271.59;494.49,273.87;495.25,273.87;498.30,276.15;501.34,277.68;502.10,277.68;506.66,279.96;507.42,279.96;511.23,283.00;512.75,283.76;515.79,285.28;516.55,286.04;517.31,286.04;518.84,286.04;520.36,286.81;521.12,288.33;523.40,288.33;524.92,288.33;527.96,289.09;528.73,289.85;531.77,290.61;532.53,290.61;537.09,292.13;542.42,292.89;543.18,292.89;547.74,294.41;551.55,294.41;553.83,295.17;555.35,295.93;556.87,296.69;559.92,298.22;560.68,298.98;561.44,299.74;562.20,300.50;562.96,301.26;562.96,302.02;563.72,302.02;565.24,302.02;565.24,302.78;565.24,303.54;566.00,303.54	stroke1/1 
2	/Popup		1100.0	299.33						
3	/Text	0.588,0.263,0.988	533.6	367.83						out
3	/Popup		1100.0	401.83						
4	/Text	0.588,0.263,0.988	308.78	495.89						mixed
4	/Popup		1100.0	529.89						
4	/Text	0.588,0.263,0.988	498.03	277.47						out
4	/Popup		1100.0	311.47						
4	/Text	0.588,0.263,0.988	646.72	393.44						in
4	/Popup		1100.0	427.44						
4	/Text	0.588,0.263,0.988	787.59	313.76						out
4	/Popup		1100.0	347.76						
4	/Ink	0.024,0.541,0.11	247.23	469.35	240.4	416.13	251.05	516.55	248.77,416.13;248.77,416.89;249.53,420.70;249.53,422.22;250.29,425.26;251.05,426.78;251.05,427.54;251.05,431.35;251.05,432.11;251.05,438.96;251.05,442.00;251.05,445.04;251.05,449.61;251.05,451.89;251.05,454.93;251.05,457.98;251.05,458.74;251.05,463.30;251.05,464.06;251.05,464.82;251.05,467.10;250.29,471.67;249.53,476.23;248.77,477.75;247.25,481.56;247.25,483.08;245.72,488.40;244.96,490.69;244.20,496.01;243.44,496.77;241.92,500.58;241.92,501.34;241.16,503.62;241.16,505.90;241.16,508.18;241.16,510.47;241.16,511.99;240.40,514.27;240.40,515.03;240.40,515.79;240.40,516.55	stroke1/1 
4	/Popup		1100.0	462.13						
5	/Text	0.588,0.263,0.988	543.56	363.56						in
5	/Popup		1100.0	410.37						
5	/Text	0.588,0.263,0.988	709.33	303.08						in
5	/Popup		1100.0	337.08						
5	/Text	0.588,0.263,0.988	510.12	515.81						out
5	/Popup		1100.0	549.81						
5	/Ink	0.024,0.541,0.11	519.39	447.81	464.59	429.73	600.48	508.7	464.59,429.73;465.30,429.73;466.01,429.73;466.72,429.73;467.43,429.73;468.14,429.73;469.57,429.73;470.28,429.73;470.99,429.73;471.70,429.73;472.41,429.73;473.12,429.73;474.55,429.73;475.26,429.73;475.97,429.73;476.68,429.73;477.39,429.73;478.11,429.73;478.82,429.73;480.24,429.73;480.95,429.73;481.66,429.73;482.37,429.73;483.09,429.73;483.80,429.73;485.22,429.73;485.93,429.73;486.64,429.73;487.35,429.73;488.07,429.73;488.78,429.73;490.20,430.44;490.91,430.44;491.62,430.44;492.33,430.44;493.05,430.44;493.76,430.44;493.76,431.15;494.47,431.15;495.18,431.15;495.89,431.15;496.60,431.86;497.31,432.57;498.03,432.57;498.74,432.57;499.45,432.57;499.45,433.99;500.87,433.99;501.58,433.99;502.30,434.71;503.01,434.71;503.01,435.42;504.43,436.13;505.85,436.13;506.56,436.84;507.27,436.84;507.99,436.84;507.99,437.55;508.70,437.55;509.41,437.55;510.83,438.26;511.54,438.26;512.97,439.69;513.68,439.69;514.39,439.69;515.10,440.40;515.81,440.40;517.24,441.11;517.95,441.82;518.66,441.82;519.37,441.82;519.37,442.53;521.50,443.24;521.50,443.95;522.22,443.95;522.93,444.67;524.35,446.09;525.06,446.09;525.77,446.09;526.49,446.09;527.20,446.80;527.20,447.51;527.91,447.51;529.33,448.94;530.04,450.36;530.75,451.07;532.89,452.49;532.89,453.20;533.60,453.20;534.31,453.92;535.02,454.63;535.73,456.05;536.45,456.76;537.87,457.47;538.58,458.18;539.29,458.18;539.29,458.90;540.00,458.90;540.71,458.90;541.43,459.61;543.56,461.03;544.27,461.03;546.41,461.74;549.25,463.17;549.96,463.17;550.67,463.88;552.10,464.59;554.23,464.59;554.94,464.59;556.37,466.01;557.08,466.01;557.08,466.72;557.79,466.72;559.21,467.43;559.92,467.43;559.92,468.14;560.63,468.14;560.63,468.86;561.35,468.86;561.35,469.57;562.06,470.28;562.77,470.28;562.77,470.99;564.19,470.99;564.90,471.70;575.58,483.09;584.11,491.62;594.07,502.29;596.21,504.43;599.05,507.27;599.77,507.27;600.48,507.27;600.48,507.99;600.48,508.70	stroke1/1 split!
5	/Popup		1100.0	475.73						
5	/Text	0.588,0.263,0.988	478.11	159.37						in
5	/Popup		1100.0	193.37						
6	/Text	0.588,0.263,0.988	513.68	464.59						in
6	/Popup		1100.0	498.59						
6	/Text	0.588,0.263,0.988	642.45	286.72						in
6	/Popup		1100.0	320.72						
7	/Text	0.588,0.263,0.988	438.26	333.68						mixed
7	/Popup		1100.0	367.68						
7	/Ink	0.024,0.541,0.11	457.33	311.27	415.37	258.66	499.06	353.75	499.06,353.75;498.30,352.99;497.53,352.23;496.77,351.47;492.21,348.43;489.17,344.62;488.40,344.62;486.12,343.10;485.36,342.34;483.84,340.82;483.08,340.06;482.32,339.30;480.80,337.77;480.04,337.77;479.28,337.77;478.51,337.01;477.75,335.49;476.99,335.49;474.71,334.73;474.71,333.97;473.95,333.97;473.19,333.97;472.43,333.97;472.43,333.21;472.43,332.45;471.67,332.45;470.91,331.69;470.91,330.93;469.39,329.41;468.62,328.65;467.10,327.12;466.34,325.60;466.34,324.08;465.58,323.32;464.82,323.32;462.54,321.80;462.54,321.04;461.78,318.76;461.02,318.00;460.26,315.71;459.50,314.95;457.98,314.95;456.45,311.15;455.69,310.39;454.17,308.87;453.41,308.11;451.13,305.06;450.37,304.30;449.61,303.54;448.85,302.78;448.08,301.26;445.04,298.98;444.28,298.22;440.48,295.17;438.96,292.89;437.43,290.61;435.91,287.56;434.39,286.04;431.35,280.72;430.59,279.20;429.07,274.63;427.54,273.11;426.78,271.59;426.02,270.07;424.50,267.79;423.74,266.26;419.94,262.46;419.18,261.70;419.18,260.94;418.42,260.94;417.65,260.18;416.89,260.18;416.89,259.42;415.37,259.42;415.37,258.66	stroke1/3 
7	/Ink	0.024,0.541,0.11	409.67	411.67	362.12	401.68	480.04	424.5	362.12,401.68;363.64,401.68;364.40,402.44;365.92,402.44;368.20,403.20;368.97,403.20;371.25,403.96;372.77,404.72;373.53,404.72;374.29,404.72;375.05,405.48;378.10,405.48;378.86,405.48;380.38,406.24;381.14,407.76;381.90,407.76;383.42,407.76;384.18,407.76;384.94,407.76;385.70,407.76;387.22,407.76;389.51,407.76;390.27,407.76;391.03,408.52;392.55,409.29;394.83,410.05;396.35,410.05;397.11,410.05;398.64,410.05;400.92,410.81;401.68,410.81;402.44,410.81;404.72,411.57;407.76,411.57;408.52,411.57;411.57,413.09;412.33,413.09;416.13,413.85;416.89,413.85;419.18,413.85;419.94,413.85;422.22,413.85;422.98,413.85;426.02,414.61;426.78,414.61;427.54,415.37;432.11,416.13;432.87,416.13;436.67,416.89;438.19,416.89;442.76,416.89;447.32,416.89;449.61,417.65;455.69,418.42;459.50,419.94;464.06,420.70;470.15,422.22;472.43,422.98;476.23,423.74;478.51,424.50;479.28,424.50;480.04,424.50	stroke2/3 
7	/Ink	0.024,0.541,0.11	423.07	364.07	344.62	327.88	474.71	390.27	474.71,390.27;473.19,389.51;473.19,388.75;472.43,388.75;470.91,387.99;470.15,387.22;469.39,386.46;468.62,386.46;467.10,384.94;467.10,384.18;466.34,384.18;465.58,384.18;464.06,383.42;464.06,382.66;463.30,382.66;462.54,382.66;461.78,381.90;461.02,381.14;461.02,380.38;460.26,380.38;458.74,379.62;457.98,378.86;457.21,378.86;456.45,378.10;456.45,377.33;455.69,377.33;455.69,376.57;454.93,376.57;454.93,375.81;454.17,375.81;452.65,375.81;452.65,375.05;451.89,375.05;451.13,375.05;451.13,374.29;450.37,374.29;449.61,374.29;448.85,374.29;447.32,374.29;446.56,374.29;445.80,374.29;445.04,374.29;444.28,374.29;443.52,374.29;442.76,374.29;442.76,373.53;441.24,373.53;441.24,372.77;440.48,372.77;439.72,372.77;439.72,372.01;438.96,372.01;438.96,371.25;438.19,371.25;438.19,370.49;437.43,370.49;435.91,370.49;435.15,370.49;434.39,370.49;433.63,370.49;433.63,369.73;432.87,369.73;432.11,369.73;432.11,368.20;431.35,368.20;430.59,368.20;429.83,368.20;429.07,368.20;428.31,367.44;427.54,367.44;427.54,366.68;426.78,366.68;426.02,366.68;425.26,366.68;425.26,365.92;424.50,365.92;423.74,365.92;422.98,365.92;422.22,365.92;421.46,365.92;421.46,365.16;420.70,365.16;419.18,365.16;418.42,364.40;417.65,364.40;416.89,364.40;416.13,362.88;415.37,362.12;413.85,362.12;413.85,361.36;413.09,361.36;413.09,360.60;412.33,359.84;411.57,359.84;411.57,359.08;411.57,358.32;410.81,358.32;410.05,358.32;409.29,358.32;408.52,356.79;407.76,356.79;407.00,356.03;406.24,356.03;405.48,355.27;405.48,354.51;403.96,353.75;400.92,352.99;400.92,352.23;400.16,351.47;398.64,350.71;397.11,349.95;396.35,349.95;394.07,349.19;391.79,348.43;391.03,348.43;389.51,347.67;388.75,347.67;384.94,346.90;384.18,346.14;382.66,344.62;381.90,344.62;378.86,343.10;378.10,343.10;377.33,342.34;376.57,342.34;375.81,341.58;375.05,340.82;373.53,340.82;372.77,339.30;372.01,338.54;371.25,338.54;369.73,337.77;364.40,336.25;362.88,335.49;357.56,333.21;354.51,331.69;350.71,330.17;349.19,329.41;346.14,328.65;345.38,328.65;344.62,327.88	stroke3/3 
7	/Popup		1100.0	399.75						
8	/Text	0.588,0.263,0.988	606.17	294.55						out
8	/Popup		896.67	337.4						
8	/Text	0.588,0.263,0.988	551.39	177.15						out
8	/Popup		896.67	220.01						
8	/Text	0.588,0.263,0.988	419.76	355.73						out
8	/Popup		1100.0	396.14						
8	/Text	0.588,0.263,0.988	391.31	498.03						out
8	/Popup		1100.0	532.03						
8	/Text	0.588,0.263,0.988	537.16	452.49						
8	/Popup		896.67	508.43						
8	/Text	0.588,0.263,0.988	537.16	452.49						mixed
8	/Popup		1100.0	486.49						
8	/Text	0.588,0.263,0.988	657.39	507.27						out
8	/Popup		1100.0	541.27						
9	/Text	0.588,0.263,0.988	268.93	344.35						out
9	/Popup		1100.0	378.35						
9	/Text	0.588,0.263,0.988	564.9	292.41						mixed
9	/Popup		1100.0	326.41						
9	/Text	0.588,0.263,0.988	840.95	414.79						mixed
9	/Popup		1100.0	448.79						
9	/Text	0.588,0.263,0.988	487.35	535.73						out
9	/Popup		896.67	578.59						
9	/Text	0.588,0.263,0.988	766.25	470.99						out
9	/Popup		896.67	513.84						
9	/Text	0.588,0.263,0.988	435.42	337.95						out
9	/Popup		1100.0	371.95						
10	/Text	0.588,0.263,0.988	613.28	218.42						mixed
10	/Popup		1100.0	268.78						
10	/Text	0.588,0.263,0.988	488.07	473.12						out
10	/Popup		1100.0	507.12						
10	/Text	0.588,0.263,0.988	610.44	424.75						out
10	/Popup		1100.0	458.75						
10	/Text	0.588,0.263,0.988	394.86	533.6						out
10	/Popup		896.67	576.45						
10	/Ink	0.024,0.541,0.11	564.3	251.31	557.63	179.78	580.46	299.98	566.00,299.98;566.00,299.22;566.00,298.45;566.00,297.69;565.24,296.17;565.24,294.65;565.24,293.89;564.48,293.89;564.48,293.13;564.48,292.37;563.72,292.37;563.72,291.61;563.72,290.85;563.72,290.09;563.72,289.33;563.72,288.56;563.72,287.81;563.72,287.04;563.72,286.28;562.96,285.52;562.96,284.76;562.20,284.76;562.20,284.00;562.20,283.24;561.44,283.24;561.44,282.48;560.68,282.48;560.68,281.72;559.92,281.72;559.92,280.96;559.15,280.20;559.15,279.44;559.15,278.68;558.39,278.68;558.39,277.92;558.39,277.15;557.63,276.39;557.63,275.63;557.63,274.87;557.63,274.11;557.63,273.35;557.63,272.59;557.63,271.83;557.63,271.07;557.63,270.31;557.63,269.55;557.63,268.79;557.63,268.02;557.63,266.50;557.63,265.74;557.63,264.98;557.63,264.22;557.63,263.46;557.63,262.70;557.63,261.18;557.63,260.42;557.63,259.66;558.39,258.90;558.39,258.13;558.39,257.37;558.39,256.61;558.39,255.85;558.39,255.09;558.39,254.33;559.15,254.33;559.15,253.57;559.15,252.81;559.92,252.05;560.68,250.53;560.68,249.77;561.44,249.01;561.44,248.25;562.20,247.49;562.20,246.72;562.96,244.44;563.72,244.44;563.72,243.68;564.48,242.92;564.48,242.16;565.24,241.40;566.00,240.64;566.76,239.88;566.76,239.12;566.76,238.36;566.76,237.60;566.76,236.83;566.76,236.07;566.76,235.31;566.76,234.55;566.76,233.03;566.76,231.51;566.76,230.75;566.76,229.99;566.76,229.23;567.52,229.23;567.52,227.70;567.52,226.94;567.52,224.66;567.52,223.14;567.52,221.62;568.28,220.86;568.28,217.81;568.28,217.05;568.28,214.77;569.04,214.01;569.04,213.25;569.04,211.73;569.04,208.69;569.80,207.92;570.57,204.88;571.33,202.60;572.09,201.84;572.85,198.80;573.61,198.04;575.13,191.95;575.89,190.43;578.93,185.10;578.93,183.58;579.70,182.82;579.70,182.06;579.70,181.30;580.46,181.30;580.46,180.54;580.46,179.78	stroke1/3 
10	/Ink	0.024,0.541,0.11	496.29	483.85	427.79	464.5	531.54	510.64	531.54,510.64;530.86,510.64;529.52,509.29;528.50,508.96;527.83,508.62;526.82,507.61;525.81,506.94;525.47,506.60;524.80,505.93;524.46,504.92;524.46,504.58;523.45,503.90;523.12,503.90;522.78,503.23;522.78,502.89;522.11,502.22;521.77,502.22;521.77,501.88;521.10,501.55;520.76,501.21;520.42,500.87;520.08,500.54;520.08,500.20;519.07,499.53;518.40,499.19;518.40,498.85;517.73,498.52;517.39,498.52;517.39,498.18;516.72,497.84;516.38,497.84;515.71,497.17;515.37,496.83;515.03,496.83;514.70,496.83;514.70,496.50;514.36,496.50;514.36,496.16;514.02,496.16;513.68,496.16;513.68,495.82;513.35,495.82;513.35,495.15;513.01,495.15;513.01,494.81;512.67,494.47;512.67,494.14;512.34,493.80;512.34,493.46;512.00,492.79;512.00,492.45;511.66,492.12;511.66,491.78;511.33,491.78;511.33,491.11;510.99,490.77;510.99,490.43;510.65,490.10;510.65,489.76;510.32,489.76;510.32,489.42;510.32,489.08;509.98,489.08;509.64,489.08;509.64,488.75;509.64,488.41;509.31,488.07;508.63,487.74;508.30,487.40;507.62,487.06;507.28,486.73;506.95,486.73;506.95,486.39;506.61,486.39;505.94,486.05;505.60,486.05;505.60,485.38;505.26,485.38;504.93,485.38;504.59,485.38;504.25,485.04;503.58,484.71;503.24,484.71;502.90,484.71;502.57,484.37;502.23,484.37;502.23,484.03;501.89,484.03;501.56,483.69;501.22,483.69;500.55,483.02;500.55,482.68;500.21,482.68;499.87,482.35;499.87,482.01;499.54,482.01;499.20,481.67;498.86,481.67;498.86,481.34;498.53,481.34;498.19,481.00;497.85,480.33;497.52,479.99;497.18,479.99;497.18,479.65;496.84,479.65;496.17,479.32;496.17,478.98;495.83,478.98;495.50,478.31;495.16,477.97;494.82,477.63;494.48,477.63;494.48,477.29;493.47,476.96;493.47,476.62;493.14,476.62;492.46,476.28;492.46,475.95;491.45,475.27;491.12,475.27;490.78,474.94;490.44,474.60;490.11,474.60;489.43,474.26;488.42,473.93;487.75,473.59;487.75,473.25;487.41,472.58;487.07,472.58;486.40,472.58;486.06,472.58;485.73,472.24;485.05,472.24;485.05,471.90;484.04,471.90;483.70,471.57;483.37,471.23;482.36,470.89;481.68,470.22;481.35,470.22;481.01,470.22;480.00,469.55;479.66,469.55;477.64,468.87;476.97,468.87;475.28,468.54;474.95,468.20;473.60,467.53;472.93,467.53;471.24,467.19;469.56,467.19;469.56,466.85;468.55,466.52;467.54,466.52;466.19,466.18;465.52,466.18;461.81,465.50;459.12,464.83;454.40,464.83;453.05,464.83;449.35,464.83;446.32,464.83;442.61,464.83;439.58,464.83;437.89,464.83;433.85,464.83;432.17,464.83;431.16,464.83;429.81,464.83;429.14,464.50;428.80,464.50;428.46,464.50;428.13,464.50;427.79,464.50	stroke2/3 
10	/Ink	0.024,0.541,0.11	589.56	438.98	576.0	417.56	606.88	466.4	576.00,417.56;576.56,419.81;576.56,420.37;576.56,420.93;577.12,421.49;577.68,422.05;578.25,422.61;579.37,422.61;579.37,423.18;579.93,423.18;579.93,423.74;579.93,424.30;580.49,424.30;581.05,424.86;581.61,425.98;581.61,426.54;581.61,427.11;582.17,427.11;582.74,427.11;583.30,428.23;583.86,428.23;583.86,428.79;584.42,428.79;584.42,429.91;584.98,429.91;585.54,429.91;585.54,430.47;585.54,431.04;585.54,431.60;586.11,431.60;586.67,431.60;586.67,432.16;587.23,432.16;587.23,432.72;587.79,432.72;588.35,432.72;588.35,433.28;588.91,434.40;588.91,434.96;589.47,435.53;589.47,436.09;589.47,436.65;590.03,437.21;590.03,438.33;590.03,438.89;590.03,439.46;590.03,440.02;590.03,440.58;590.60,441.70;591.72,441.70;591.72,443.39;591.72,443.95;591.72,444.51;592.84,445.63;593.40,447.32;593.97,449.00;594.53,449.00;595.09,451.25;596.77,452.93;596.77,453.49;597.89,455.74;599.02,456.86;599.02,457.42;599.58,457.98;600.70,459.11;601.26,459.67;601.83,460.23;602.39,460.79;603.51,462.47;604.07,463.04;605.19,464.16;605.19,464.72;605.75,465.28;606.32,465.84;606.88,465.84;606.88,466.40	stroke3/3 
10	/Popup		1100.0	344.98						
11	/Text	0.588,0.263,0.988	687.99	500.16						mixed
11	/Popup		1100.0	534.16						
11	/Text	0.588,0.263,0.988	418.34	415.5						in
11	/Popup		1100.0	449.5						
11	/Text	0.588,0.263,0.988	389.88	226.96						mixed
11	/Popup		1100.0	260.96						
11	/Ink	0.024,0.541,0.11	425.67	276.04	388.75	241.92	461.02	313.43	388.75,313.43;391.03,312.67;391.03,311.91;393.31,310.39;394.83,309.63;396.35,306.58;397.88,304.30;398.64,303.54;398.64,302.78;399.40,302.02;400.16,299.74;400.92,299.74;401.68,298.22;402.44,297.45;402.44,296.69;402.44,295.93;403.96,294.41;404.72,294.41;404.72,293.65;406.24,293.65;406.24,292.89;407.00,292.89;408.52,292.13;408.52,291.37;408.52,290.61;409.29,290.61;410.05,290.61;410.05,289.85;411.57,289.09;413.09,288.33;413.85,288.33;413.85,287.56;414.61,287.56;415.37,287.56;416.89,286.04;417.65,286.04;418.42,286.04;419.18,284.52;419.18,283.76;419.94,283.76;421.46,283.00;421.46,282.24;423.74,280.72;424.50,279.96;425.26,279.20;426.78,277.68;426.78,276.92;427.54,276.15;428.31,274.63;429.07,273.87;430.59,271.59;431.35,270.83;431.35,270.07;432.11,269.31;434.39,267.02;435.15,266.26;435.15,265.50;435.91,264.74;435.91,263.98;436.67,263.22;436.67,262.46;437.43,261.70;438.19,261.70;438.19,260.94;439.72,260.18;439.72,259.42;440.48,259.42;441.24,258.66;442.00,258.66;443.52,257.90;444.28,257.13;445.04,257.13;445.04,256.37;445.80,256.37;446.56,256.37;446.56,255.61;447.32,255.61;447.32,254.85;448.08,254.85;448.08,254.09;448.85,254.09;448.85,253.33;449.61,253.33;451.89,251.05;452.65,249.53;455.69,247.25;457.98,245.72;458.74,244.20;459.50,243.44;460.26,242.68;460.26,241.92;461.02,241.92	stroke1/1 
11	/Popup		1100.0	359.43						
12	/Text	0.588,0.263,0.988	658.82	522.93						in
12	/Popup		1100.0	556.93						
12	/Text	0.588,0.263,0.988	394.86	460.32						out
12	/Popup		1100.0	494.32						
12	/Text	0.588,0.263,0.988	425.46	288.86						out
12	/Popup		896.67	331.71						
12	/Text	0.588,0.263,0.988	585.54	296.68						out
12	/Popup		896.67	339.53						
12	/Text	0.588,0.263,0.988	629.65	353.6						out
12	/Popup		896.67	396.45						
12	/Text	0.588,0.263,0.988	480.24	428.3						out
12	/Popup		1100.0	462.3						
12	/Ink	0.024,0.541,0.11	667.58	442.35	636.75	436.67	706.74	448.08	636.75,436.67;637.51,436.67;638.27,436.67;638.27,437.43;639.03,437.43;639.79,438.19;640.56,438.19;642.08,438.19;642.08,438.96;642.84,438.96;643.60,439.72;644.36,439.72;644.36,440.48;645.12,440.48;645.88,440.48;645.88,441.24;647.40,441.24;648.16,441.24;648.92,441.24;649.68,441.24;650.45,441.24;651.21,441.24;651.97,441.24;653.49,441.24;654.25,441.24;655.01,441.24;655.77,441.24;656.53,441.24;657.29,441.24;658.81,441.24;659.58,441.24;660.34,441.24;661.10,441.24;661.86,441.24;662.62,441.24;663.38,441.24;664.90,441.24;665.66,441.24;666.42,441.24;667.18,441.24;667.94,441.24;668.70,441.24;669.46,441.24;670.23,441.24;670.99,441.24;671.75,441.24;672.51,441.24;674.03,442.00;674.79,442.00;675.55,442.00;676.31,442.76;677.07,442.76;677.83,442.76;678.59,443.52;679.35,443.52;680.12,443.52;682.40,444.28;683.16,444.28;683.92,444.28;685.44,445.04;686.96,445.80;689.24,445.80;690.00,445.80;693.05,446.56;693.81,446.56;694.57,446.56;699.13,448.08;699.89,448.08;700.65,448.08;701.42,448.08;702.94,448.08;703.70,448.08;704.46,448.08;705.22,448.08;705.98,448.08;706.74,448.08	stroke1/6 
12	/Ink	0.024,0.541,0.11	355.28	420.86	324.84	404.72	385.7	445.8	324.84,445.80;324.84,445.04;324.84,444.28;325.60,442.76;327.88,438.96;330.17,438.19;332.45,435.91;333.21,434.39;333.97,433.63;336.25,432.87;336.25,432.11;337.01,430.59;337.77,430.59;338.54,429.83;339.30,429.07;340.06,428.31;340.06,427.54;341.58,426.78;342.34,426.78;342.34,426.02;343.10,426.02;344.62,424.50;346.14,422.98;346.90,422.22;347.67,422.22;348.43,422.22;349.19,422.22;349.19,421.46;349.95,421.46;351.47,420.70;351.47,419.94;352.99,419.94;353.75,419.94;354.51,419.18;355.27,419.18;356.03,418.42;356.79,418.42;359.08,418.42;359.84,417.65;360.60,417.65;361.36,416.89;362.12,416.89;362.88,416.13;365.16,415.37;365.92,415.37;367.44,414.61;368.97,413.85;369.73,413.09;370.49,413.09;372.01,410.81;372.77,410.81;373.53,410.81;374.29,410.81;376.57,409.29;377.33,409.29;378.86,408.52;379.62,408.52;379.62,407.76;381.90,407.00;383.42,407.00;383.42,405.48;384.18,405.48;384.94,405.48;384.94,404.72;385.70,404.72	stroke2/6 
12	/Ink	0.024,0.541,0.11	412.87	482.41	369.73	441.24	445.04	524.16	369.73,524.16;371.25,523.40;372.77,522.64;372.77,521.88;374.29,521.12;374.29,518.84;375.81,517.31;377.33,515.79;378.10,515.03;379.62,511.99;379.62,511.23;380.38,510.47;381.90,508.94;382.66,508.94;383.42,508.94;383.42,508.18;384.18,506.66;384.94,506.66;385.70,506.66;385.70,505.90;387.22,505.14;388.75,504.38;388.75,503.62;389.51,503.62;390.27,502.86;390.27,502.10;391.79,500.58;393.31,499.82;394.07,499.82;394.83,499.82;394.83,499.06;395.59,499.06;396.35,498.29;397.11,498.29;398.64,497.53;399.40,496.77;400.16,496.77;400.92,496.01;402.44,495.25;402.44,494.49;403.20,494.49;404.72,494.49;404.72,493.73;405.48,493.73;406.24,493.73;406.24,492.97;407.00,492.97;407.00,492.21;407.76,492.21;408.52,492.21;410.05,491.45;410.81,491.45;410.81,490.69;410.81,489.93;412.33,488.40;413.85,486.88;414.61,486.88;414.61,486.12;415.37,486.12;416.13,485.36;416.89,483.84;417.65,483.08;418.42,482.32;418.42,481.56;418.42,480.80;419.18,480.04;419.94,480.04;420.70,478.51;420.70,477.75;421.46,477.75;422.22,476.99;422.22,476.23;422.98,476.23;422.98,475.47;422.98,474.71;423.74,474.71;424.50,473.19;425.26,471.67;425.26,470.91;426.02,470.91;426.02,470.15;426.78,470.15;427.54,468.62;428.31,468.62;428.31,467.86;429.07,467.10;429.07,466.34;429.07,465.58;429.83,465.58;429.83,464.82;430.59,464.82;430.59,464.06;431.35,463.30;432.87,461.78;433.63,461.78;434.39,461.78;435.15,461.02;435.15,460.26;435.91,459.50;436.67,457.98;438.19,456.45;438.19,455.69;438.96,454.93;438.96,454.17;438.96,453.41;438.96,452.65;439.72,451.89;439.72,450.37;440.48,449.61;441.24,448.85;441.24,448.08;442.00,445.80;442.76,445.04;443.52,444.28;443.52,443.52;444.28,443.52;444.28,442.76;445.04,442.76;445.04,442.00;445.04,441.24	stroke3/6 
12	/Ink	0.024,0.541,0.11	363.45	354.16	333.97	339.3	399.4	376.57	399.40,376.57;397.88,375.81;394.83,372.77;393.31,372.77;390.27,368.97;387.22,367.44;384.94,365.92;382.66,363.64;380.38,362.88;378.10,361.36;378.10,360.60;376.57,359.84;375.05,359.08;372.77,356.79;371.25,355.27;370.49,355.27;369.73,355.27;367.44,354.51;367.44,353.75;365.16,352.99;362.12,351.47;361.36,350.71;359.08,350.71;358.32,349.95;354.51,348.43;353.75,348.43;351.47,347.67;349.95,347.67;346.90,346.14;343.86,344.62;341.58,343.86;340.06,343.10;337.77,342.34;337.01,342.34;335.49,341.58;335.49,340.82;334.73,340.82;333.97,340.82;333.97,339.30	stroke4/6 
12	/Ink	0.024,0.541,0.11	549.83	289.06	546.22	243.44	559.15	332.45	553.83,332.45;553.07,331.69;553.07,330.93;552.31,328.65;552.31,327.88;551.55,327.12;551.55,326.36;550.03,324.08;548.50,322.56;548.50,321.80;547.74,319.52;546.98,318.00;546.98,317.24;546.98,316.47;546.22,314.19;546.22,313.43;546.22,312.67;546.22,311.91;546.22,310.39;546.22,309.63;546.22,308.87;546.22,308.11;546.22,307.35;546.22,306.58;546.22,305.06;546.22,304.30;546.22,303.54;546.22,302.78;546.22,302.02;546.22,301.26;546.22,298.98;546.22,298.22;546.22,297.45;546.22,296.69;546.22,295.93;546.22,295.17;546.22,293.65;546.22,292.89;546.22,292.13;546.22,291.37;546.22,289.85;546.22,289.09;546.22,286.81;546.22,286.04;546.98,285.28;546.98,284.52;547.74,281.48;547.74,279.96;547.74,278.44;547.74,276.15;547.74,275.39;547.74,273.87;549.26,271.59;549.26,270.07;550.03,267.79;550.03,267.02;550.79,265.50;550.79,264.74;551.55,263.98;552.31,263.22;552.31,262.46;553.07,261.70;554.59,258.66;555.35,257.90;556.11,256.37;556.11,254.09;556.87,251.81;557.63,251.81;557.63,251.05;557.63,250.29;559.15,247.25;559.15,246.49;559.15,245.72;559.15,244.96;559.15,244.20;559.15,243.44	stroke5/6 
12	/Ink	0.024,0.541,0.11	494.36	503.01	484.6	454.93	518.07	554.59	503.62,454.93;502.86,456.45;502.10,457.21;502.10,460.26;501.34,461.02;500.58,461.02;500.58,461.78;499.82,462.54;499.82,463.30;499.06,464.06;498.30,464.06;497.53,464.82;496.77,466.34;496.01,466.34;496.01,467.10;496.01,467.86;496.01,468.62;495.25,468.62;494.49,468.62;494.49,469.39;494.49,470.15;493.73,470.15;492.21,470.15;492.21,471.67;492.21,472.43;491.45,472.43;490.69,472.43;490.69,473.19;490.69,473.95;490.69,474.71;489.93,474.71;489.93,475.47;489.17,475.47;489.17,476.23;488.40,476.23;488.40,477.75;488.40,478.51;487.64,478.51;487.64,479.28;487.64,480.04;486.12,480.04;486.12,480.80;486.12,481.56;486.12,482.32;486.12,483.08;486.12,483.84;485.36,484.60;485.36,485.36;485.36,486.12;485.36,486.88;484.60,487.64;484.60,488.40;484.60,489.16;484.60,489.93;484.60,490.69;484.60,491.45;484.60,492.21;484.60,492.97;484.60,494.49;484.60,495.25;484.60,496.01;484.60,496.77;484.60,497.53;484.60,498.29;484.60,499.82;484.60,500.58;484.60,501.34;484.60,502.10;484.60,502.86;484.60,503.62;484.60,505.14;484.60,505.90;484.60,506.66;484.60,507.42;485.36,507.42;485.36,508.18;485.36,508.94;485.36,509.71;486.88,510.47;486.88,511.23;487.64,511.99;487.64,512.75;487.64,513.51;488.40,514.27;488.40,515.03;488.40,515.79;489.17,515.79;489.17,516.55;489.93,517.31;489.93,518.07;489.93,518.84;490.69,519.60;491.45,520.36;492.21,521.88;492.97,521.88;493.73,521.88;493.73,522.64;494.49,522.64;494.49,523.40;495.25,523.40;495.25,524.16;496.01,524.16;496.01,524.92;496.77,524.92;496.77,525.68;497.53,525.68;498.30,525.68;498.30,526.44;499.06,526.44;499.06,527.96;499.82,527.96;499.82,528.73;499.82,529.49;500.58,529.49;501.34,531.01;502.10,531.01;502.10,531.77;502.86,533.29;503.62,534.05;504.38,534.05;504.38,535.57;505.90,537.09;506.66,539.38;506.66,540.14;507.42,540.90;508.18,541.66;509.71,543.94;510.47,545.46;511.23,546.22;512.75,548.50;513.51,549.26;515.03,550.79;515.03,551.55;515.79,551.55;516.55,552.31;516.55,553.07;517.31,553.83;518.07,553.83;518.07,554.59	stroke6/6 
12	/Popup		1100.0	482.67						
13	/Text	0.588,0.263,0.988	524.35	327.27						in
13	/Popup		1100.0	361.27						
14	/Text	0.588,0.263,0.988	581.98	284.59						out
14	/Popup		1100.0	318.59						
14	/Ink	0.024,0.541,0.11	654.84	262.7	626.1	166.85	705.22	320.52	705.22,320.52;704.46,320.52;703.70,319.76;703.70,319.00;701.42,317.47;697.61,315.19;696.85,314.43;696.85,313.67;695.33,312.15;693.81,311.39;693.05,310.63;691.53,307.58;691.53,306.82;690.77,306.82;690.00,306.06;690.00,305.30;690.00,304.54;689.24,304.54;689.24,303.02;687.72,302.26;687.72,301.50;687.72,300.74;686.96,300.74;686.20,299.98;686.20,299.22;685.44,298.45;683.92,296.93;683.92,296.17;683.16,296.17;683.16,295.41;682.40,295.41;681.64,295.41;680.12,294.65;679.35,293.89;678.59,293.89;678.59,293.13;677.83,293.13;676.31,293.13;675.55,293.13;674.79,293.13;674.03,293.13;673.27,293.13;672.51,293.13;670.23,292.37;669.46,292.37;668.70,292.37;668.70,291.61;667.94,291.61;667.94,290.85;667.18,290.85;666.42,290.85;664.90,290.85;664.14,290.85;663.38,290.85;662.62,290.85;662.62,290.09;662.62,289.33;661.86,289.33;661.86,288.56;661.10,288.56;660.34,288.56;660.34,287.81;659.58,287.81;659.58,287.04;658.81,286.28;658.81,285.52;658.05,284.76;658.05,284.00;658.05,283.24;657.29,282.48;656.53,281.72;656.53,280.96;656.53,279.44;655.77,279.44;655.77,278.68;655.01,278.68;655.01,277.92;654.25,277.15;654.25,276.39;654.25,274.87;653.49,273.35;653.49,272.59;652.73,272.59;652.73,271.83;651.97,269.55;651.97,268.79;651.21,268.79;651.21,268.02;650.45,267.26;650.45,266.50;650.45,265.74;649.68,264.98;648.16,264.22;648.16,263.46;648.16,262.70;647.40,262.70;647.40,261.94;646.64,261.94;646.64,261.18;646.64,260.42;645.88,260.42;645.88,259.66;645.88,258.13;645.12,258.13;644.36,257.37;644.36,256.61;642.84,256.61;642.08,256.61;642.08,255.85;640.56,255.09;640.56,254.33;640.56,252.81;639.79,252.81;639.79,252.05;638.27,250.53;637.51,250.53;637.51,249.77;636.75,249.77;636.75,249.01;635.99,246.72;635.23,245.96;635.23,245.20;635.23,244.44;634.47,242.92;634.47,241.40;633.71,240.64;633.71,239.88;632.95,239.12;632.95,238.36;632.19,235.31;632.19,234.55;631.43,233.79;630.67,233.03;630.67,232.27;629.90,231.51;629.90,229.99;629.90,229.23;629.90,228.47;629.14,226.18;629.14,225.42;629.14,224.66;629.14,223.14;628.38,223.14;628.38,220.86;628.38,218.58;628.38,217.05;628.38,214.77;628.38,210.97;628.38,206.40;628.38,204.88;628.38,202.60;627.62,200.32;627.62,199.56;626.10,197.27;626.10,195.75;626.10,192.71;626.10,191.95;626.10,188.15;626.10,187.38;626.86,184.34;626.10,183.58;626.10,179.02;626.10,174.45;626.10,172.93;626.10,170.65;626.10,169.13;626.10,168.37;626.10,167.61;626.10,166.85	stroke1/4 
14	/Ink	0.024,0.541,0.11	572.84	300.66	515.03	214.77	603.28	456.69	515.03,214.77;515.79,214.77;516.55,215.53;516.55,216.29;517.31,216.29;518.07,217.05;518.07,217.81;518.84,218.58;520.36,218.58;520.36,220.10;521.12,220.86;521.88,221.62;522.64,222.38;524.16,223.90;525.68,225.42;526.44,226.94;527.20,226.94;527.20,227.70;528.73,228.47;528.73,229.23;529.49,229.99;530.25,229.99;531.01,231.51;532.53,231.51;532.53,232.27;532.53,233.03;534.05,233.79;534.81,234.55;535.57,234.55;536.33,234.55;537.09,234.55;537.85,235.31;538.62,236.07;539.38,236.83;540.90,238.36;542.42,238.36;543.18,238.36;543.94,239.12;544.70,239.12;544.70,239.88;546.22,240.64;546.98,240.64;549.26,242.16;550.03,242.92;550.79,242.92;550.79,243.68;552.31,244.44;552.31,245.20;554.59,245.20;554.59,245.96;556.11,247.49;556.87,249.77;556.87,250.53;558.39,251.29;558.39,252.05;558.39,252.81;559.92,255.09;560.68,256.61;560.68,257.37;561.44,258.90;561.44,260.42;562.20,261.18;562.20,261.94;562.96,262.70;562.96,263.46;562.96,264.22;563.72,264.22;563.72,265.74;564.48,266.50;564.48,267.26;565.24,268.02;565.24,268.79;566.00,269.55;566.00,271.07;566.76,271.83;566.76,272.59;566.76,273.35;566.76,274.11;566.76,274.87;567.52,274.87;567.52,276.39;568.28,277.15;569.04,277.15;569.04,277.92;569.04,278.68;569.04,279.44;569.04,280.20;569.80,280.96;569.80,282.48;571.33,283.24;571.33,284.76;572.09,284.76;572.85,287.04;572.85,287.81;572.85,288.56;572.85,289.33;573.61,290.09;573.61,290.85;574.37,292.37;575.13,293.13;575.13,293.89;575.13,294.65;576.65,295.41;577.41,296.17;577.41,296.93;578.17,297.69;578.17,299.22;578.93,299.22;578.93,299.98;578.93,300.74;579.70,300.74;579.70,301.50;580.46,301.50;581.22,301.50;581.98,301.50;581.98,302.26;583.50,303.02;584.26,303.02;585.02,303.78;585.02,305.30;585.78,305.30;585.78,306.06;586.54,306.82;586.54,307.58;587.30,307.58;587.30,308.35;588.06,309.11;588.82,310.63;589.59,311.39;589.59,312.15;590.35,313.67;590.35,314.43;590.35,315.19;591.11,315.95;591.11,318.24;591.87,319.00;591.87,319.76;591.87,320.52;591.87,321.28;593.39,322.04;593.39,322.80;594.15,323.56;594.15,324.32;594.15,325.08;594.15,325.84;594.91,327.36;594.91,328.12;595.67,329.65;595.67,330.41;596.43,331.17;597.19,333.45;597.95,333.45;597.95,334.21;598.71,334.97;599.48,335.73;599.48,336.49;600.24,338.01;600.24,338.77;600.24,339.54;600.24,340.30;600.24,341.06;600.24,342.58;601.00,343.34;601.00,345.62;601.00,346.38;601.00,347.14;601.00,349.43;601.00,350.95;601.00,351.71;601.00,353.23;601.00,353.99;601.00,355.51;601.00,357.79;601.00,358.56;601.00,359.32;601.00,361.60;601.00,362.36;601.00,363.12;601.00,363.88;601.00,364.64;601.00,366.16;601.00,368.44;601.00,369.20;601.00,373.01;601.00,376.05;601.00,377.57;601.00,381.38;601.00,382.90;601.00,388.99;601.00,394.31;601.00,397.35;601.00,400.40;601.00,402.68;601.00,409.52;601.00,417.13;601.00,420.18;601.00,427.78;601.76,435.39;602.52,438.43;603.28,445.28;603.28,446.80;603.28,450.61;603.28,451.37;603.28,452.89;603.28,453.65;603.28,455.17;602.52,456.69	stroke2/4 
14	/Ink	0.024,0.541,0.11	478.99	454.7	379.62	423.98	543.18	516.03	543.18,516.03;543.18,514.51;540.90,509.18;539.38,506.90;538.62,505.38;534.81,498.53;533.29,497.01;531.77,493.97;530.25,493.21;530.25,492.45;529.49,492.45;528.73,490.93;527.96,490.93;527.20,488.64;525.68,488.64;524.92,487.88;524.16,487.88;523.40,487.12;523.40,486.36;522.64,486.36;521.88,486.36;521.88,485.60;521.12,485.60;520.36,484.84;519.60,484.84;518.84,484.08;518.07,484.08;518.07,483.32;517.31,483.32;515.79,482.56;515.03,481.80;514.27,481.04;513.51,480.28;512.75,480.28;511.99,478.75;511.23,478.75;510.47,477.23;509.71,477.23;509.71,476.47;508.94,476.47;507.42,476.47;507.42,475.71;506.66,475.71;505.90,474.95;505.90,474.19;505.14,474.19;504.38,473.43;503.62,473.43;503.62,472.67;503.62,471.15;502.10,470.39;502.10,469.62;500.58,468.86;499.82,466.58;499.82,465.82;499.82,465.06;499.06,464.30;498.30,463.54;498.30,462.78;498.30,461.26;496.77,460.50;496.01,459.74;495.25,459.74;495.25,458.98;495.25,458.21;494.49,457.45;493.73,456.69;493.73,455.93;493.73,455.17;493.73,454.41;492.97,454.41;492.21,454.41;492.21,453.65;491.45,453.65;490.69,452.13;489.93,452.13;489.17,452.13;489.17,451.37;489.17,450.61;488.40,450.61;488.40,449.85;487.64,449.85;487.64,449.08;487.64,448.32;486.88,448.32;485.36,447.56;485.36,446.80;485.36,446.04;484.60,446.04;484.60,444.52;483.84,444.52;483.84,443.76;483.08,443.00;483.08,442.24;482.32,442.24;482.32,441.48;481.56,441.48;481.56,440.72;480.04,438.43;480.04,437.67;479.28,436.91;479.28,436.15;479.28,435.39;478.51,434.63;477.75,434.63;477.75,433.11;477.75,432.35;476.99,432.35;476.23,432.35;475.47,432.35;474.71,432.35;473.95,430.83;473.19,430.83;473.19,430.07;472.43,430.07;471.67,430.07;470.91,429.31;470.15,429.31;469.39,428.54;468.62,428.54;467.86,428.54;467.10,427.02;466.34,427.02;465.58,426.26;464.82,426.26;464.06,426.26;462.54,426.26;461.78,426.26;461.02,426.26;457.21,425.50;456.45,425.50;455.69,425.50;452.65,424.74;451.89,424.74;448.85,423.98;448.08,423.98;446.56,423.98;444.28,423.98;442.76,423.98;442.00,423.98;441.24,423.98;438.96,423.98;438.19,423.98;437.43,423.98;436.67,423.98;435.15,423.98;434.39,423.98;432.11,424.74;431.35,425.50;430.59,425.50;427.54,427.78;426.02,428.54;421.46,431.59;420.70,431.59;417.65,433.11;412.33,437.67;410.81,439.19;406.24,442.24;403.96,444.52;399.40,449.08;397.88,449.85;394.07,453.65;392.55,455.93;391.03,456.69;387.99,458.98;386.46,459.74;383.42,462.78;381.90,462.78;381.14,463.54;380.38,464.30;379.62,465.06	stroke3/4 
14	/Ink	0.024,0.541,0.11	451.38	354.76	335.49	233.03	490.69	476.47	490.69,233.03;489.93,236.83;488.40,245.96;487.64,247.49;486.12,251.29;484.60,252.81;484.60,254.33;484.60,255.85;483.84,257.37;483.84,258.13;483.08,260.42;482.32,260.42;482.32,261.94;482.32,262.70;481.56,264.22;480.04,269.55;480.04,271.83;479.28,272.59;478.51,275.63;477.75,277.92;476.99,279.44;476.99,280.20;476.99,282.48;476.99,283.24;476.23,284.76;476.23,285.52;475.47,287.81;475.47,289.33;475.47,290.09;474.71,290.85;474.71,293.13;473.95,294.65;473.95,295.41;473.95,296.93;473.95,300.74;473.95,301.50;473.95,302.26;473.95,304.54;473.19,306.82;473.19,309.11;473.19,310.63;473.19,311.39;473.19,312.91;473.19,313.67;473.19,315.19;473.19,315.95;473.19,316.71;473.19,318.24;473.19,319.00;473.19,319.76;473.19,320.52;472.43,322.04;472.43,322.80;472.43,323.56;472.43,324.32;471.67,324.32;471.67,325.08;471.67,327.36;470.91,328.12;470.91,328.88;470.15,331.17;470.15,331.93;470.15,332.69;468.62,336.49;468.62,337.25;468.62,338.01;467.10,339.54;467.10,341.82;466.34,343.34;465.58,344.86;464.82,344.86;464.82,346.38;464.82,347.14;464.06,347.90;463.30,348.67;463.30,349.43;461.78,350.19;461.78,350.95;461.02,351.71;461.02,352.47;461.02,353.23;460.26,353.23;460.26,353.99;459.50,354.75;458.74,356.27;458.74,357.03;458.74,357.79;457.98,358.56;457.21,359.32;456.45,360.84;456.45,361.60;455.69,361.60;454.93,363.12;453.41,365.40;453.41,366.16;452.65,367.68;451.89,367.68;451.89,369.20;451.13,369.97;451.13,370.73;450.37,371.49;450.37,372.25;450.37,373.01;449.61,373.77;449.61,374.53;449.61,375.29;448.85,376.05;448.85,376.81;448.85,377.57;448.85,378.33;448.85,379.10;448.85,381.38;448.85,383.66;448.85,384.42;448.85,385.18;448.85,385.94;448.85,386.70;448.85,387.46;448.85,388.22;448.85,388.99;448.85,389.75;448.85,391.27;448.85,392.03;448.85,393.55;448.85,394.31;448.85,395.07;448.08,395.83;448.08,398.11;448.08,399.64;447.32,400.40;447.32,401.16;446.56,402.68;445.80,403.44;445.80,404.20;445.04,404.96;443.52,405.72;442.76,406.48;442.00,407.24;442.00,408.00;438.19,411.05;437.43,411.81;436.67,411.81;435.15,412.57;433.63,414.09;432.11,414.85;430.59,415.61;428.31,417.13;426.02,417.89;420.70,420.18;419.94,420.94;418.42,421.70;413.85,423.98;412.33,426.26;405.48,430.07;395.59,435.39;394.07,436.91;383.42,442.24;381.14,443.76;377.33,446.80;374.29,448.32;370.49,452.13;368.97,453.65;364.40,458.98;356.79,462.78;353.75,466.58;345.38,471.15;343.10,472.67;338.54,475.71;336.25,476.47;335.49,476.47	stroke4/4 
14	/Popup		1100.0	365.52						
15	/Text	0.588,0.263,0.988	311.62	245.46						mixed
15	/Popup		1100.0	279.46						
15	/Text	0.588,0.263,0.988	744.19	517.24						out
15	/Popup		1100.0	551.24						
15	/Text	0.588,0.263,0.988	631.78	407.67						out
15	/Popup		1100.0	441.67						
15	/Text	0.588,0.263,0.988	537.87	181.42						out
15	/Popup		1100.0	215.42						
15	/Text	0.588,0.263,0.988	445.38	413.36						mixed
15	/Popup		1100.0	447.36						
15	/Text	0.588,0.263,0.988	418.34	491.62						out
15	/Popup		896.67	534.48						
15	/Text	0.588,0.263,0.988	312.33	436.13						out
15	/Popup		1100.0	470.13						
15	/Text	0.588,0.263,0.988	359.29	152.25						mixed
15	/Popup		896.67	195.11						
15	/Text	0.588,0.263,0.988	578.42	259.69						out
15	/Popup		896.67	302.54						
15	/Ink	0.024,0.541,0.11	294.08	307.55	247.25	263.98	336.25	350.71	336.25,350.71;335.49,349.95;333.21,348.43;332.45,345.38;330.93,344.62;329.41,343.86;328.65,342.34;327.12,340.06;326.36,339.30;324.84,337.77;323.32,337.01;322.56,336.25;321.80,335.49;321.04,333.21;319.52,332.45;318.76,332.45;318.00,330.93;317.24,330.93;317.24,330.17;315.71,327.88;315.71,327.12;314.19,326.36;312.67,324.84;311.91,324.08;311.91,323.32;311.15,321.80;310.39,321.80;309.63,320.28;308.11,319.52;307.35,318.76;307.35,318.00;306.58,316.47;305.82,316.47;305.06,315.71;305.06,314.95;305.06,314.19;303.54,313.43;302.02,311.91;300.50,311.15;300.50,310.39;300.50,309.63;298.98,309.63;298.98,308.87;298.22,308.11;297.45,308.11;296.69,308.11;296.69,307.35;295.93,307.35;295.93,306.58;295.17,306.58;294.41,305.82;293.65,305.06;292.89,305.06;292.89,304.30;292.13,303.54;289.85,302.78;288.33,302.02;286.81,301.26;286.81,299.74;285.28,298.98;284.52,298.98;283.76,298.22;283.76,297.45;282.24,296.69;280.72,295.17;279.20,294.41;276.92,292.13;276.15,292.13;276.15,291.37;273.11,289.85;270.83,287.56;270.07,286.04;267.02,284.52;265.50,282.24;264.74,281.48;261.70,278.44;260.18,276.92;259.42,276.92;257.90,275.39;256.37,274.63;255.61,273.87;253.33,271.59;253.33,270.83;250.29,269.31;250.29,267.79;249.53,267.02;248.77,266.26;248.77,264.74;248.01,264.74;247.25,263.98	stroke1/1 
15	/Popup		1100.0	396.71						
16	/Text	0.588,0.263,0.988	402.69	201.35						out
16	/Popup		896.67	244.2						
16	/Text	0.588,0.263,0.988	581.27	521.5						out
16	/Popup		896.67	564.36						
16	/Text	0.588,0.263,0.988	577.71	340.79						in
16	/Popup		896.67	383.64						
16	/Text	0.588,0.263,0.988	338.66	168.62						out
16	/Popup		896.67	218.0						
16	/Ink	0.024,0.541,0.11	381.61	271.87	304.3	248.25	445.04	295.41	445.04,295.41;444.28,295.41;440.48,293.89;438.96,293.89;435.15,292.37;432.11,291.61;430.59,290.85;429.07,290.09;428.31,290.09;427.54,288.56;424.50,287.81;423.74,287.04;422.98,287.04;419.94,286.28;419.18,285.52;416.13,284.76;414.61,284.00;413.09,282.48;412.33,282.48;411.57,281.72;410.05,280.96;409.29,280.96;407.76,280.20;407.00,280.20;406.24,279.44;404.72,278.68;403.96,277.92;402.44,277.92;401.68,277.92;401.68,276.39;400.16,275.63;399.40,274.87;398.64,274.87;397.88,274.87;395.59,274.11;395.59,273.35;394.83,273.35;394.07,273.35;391.79,273.35;391.03,272.59;388.75,271.83;387.99,271.07;385.70,270.31;384.18,269.55;383.42,269.55;381.14,269.55;379.62,269.55;378.86,269.55;378.10,269.55;374.29,269.55;373.53,269.55;371.25,268.79;370.49,268.79;368.97,268.79;365.92,267.26;365.92,266.50;365.16,266.50;364.40,266.50;362.12,264.98;358.32,263.46;356.03,263.46;353.75,262.70;352.23,261.94;349.19,261.18;345.38,259.66;343.86,259.66;339.30,258.13;334.73,257.37;333.21,257.37;328.65,255.85;327.88,255.85;323.32,253.57;318.76,251.29;318.00,251.29;313.43,249.01;308.87,248.25;308.11,248.25;307.35,248.25;306.58,248.25;305.82,248.25;304.30,248.25	stroke1/3 
16	/Ink	0.024,0.541,0.11	583.87	550.62	524.16	532.01	667.94	597.43	524.16,597.43;525.68,595.91;526.44,595.15;527.20,592.87;531.77,589.06;532.53,587.54;536.33,582.98;540.14,579.17;540.90,576.89;542.42,573.85;543.94,573.09;544.70,570.81;545.46,568.52;546.22,568.52;546.98,567.76;547.74,567.00;548.50,564.72;549.26,563.96;550.03,563.20;550.79,563.20;550.79,562.44;551.55,562.44;552.31,561.68;552.31,560.92;553.07,559.39;553.83,559.39;553.83,558.63;554.59,558.63;554.59,557.87;556.11,557.87;556.11,557.11;556.87,557.11;557.63,556.35;557.63,555.59;559.15,555.59;560.68,554.07;560.68,553.31;562.20,552.55;562.96,552.55;563.72,552.55;563.72,551.79;564.48,551.79;566.00,551.03;567.52,551.03;568.28,550.26;569.04,549.50;569.80,548.74;570.57,547.98;572.09,547.22;574.37,546.46;575.13,546.46;576.65,544.94;577.41,544.18;578.17,544.18;580.46,544.18;581.22,542.66;581.98,542.66;582.74,541.90;584.26,541.90;585.78,541.14;586.54,541.14;587.30,540.38;588.06,540.38;589.59,540.38;590.35,540.38;594.15,539.62;595.67,538.85;597.95,538.09;598.71,538.09;601.76,536.57;605.56,535.81;607.84,535.81;611.65,535.05;613.93,535.05;617.73,534.29;620.78,534.29;621.54,534.29;623.06,534.29;623.82,534.29;628.38,533.53;629.14,533.53;634.47,533.53;636.75,532.77;640.56,532.77;644.36,532.01;646.64,532.01;651.21,532.01;655.01,532.01;657.29,532.01;660.34,532.01;661.10,532.01;661.86,532.01;663.38,532.01;665.66,532.77;666.42,532.77;667.18,532.77;667.94,532.77	stroke2/3 
16	/Ink	0.024,0.541,0.11	469.96	242.89	454.93	200.32	493.73	288.56	454.93,288.56;454.93,287.04;454.93,285.52;455.69,283.24;455.69,282.48;456.45,279.44;457.21,277.15;457.98,274.11;457.98,273.35;457.98,268.79;458.74,264.98;458.74,263.46;460.26,259.66;460.26,257.37;461.02,255.09;461.78,254.33;461.78,253.57;461.78,252.05;461.78,251.29;461.78,250.53;463.30,249.01;464.06,248.25;464.06,246.72;464.82,245.96;466.34,244.44;467.86,242.16;468.62,240.64;470.91,236.07;473.95,232.27;473.95,230.75;474.71,229.23;476.23,225.42;476.99,224.66;480.04,220.10;480.80,218.58;482.32,214.77;483.08,214.77;484.60,212.49;486.12,211.73;488.40,208.69;489.93,207.16;492.21,202.60;492.97,201.84;492.97,201.08;493.73,201.08;493.73,200.32	stroke3/3 
16	/Popup		1100.0	340.41						
17	/Text	0.588,0.263,0.988	408.38	496.6						mixed
17	/Popup		1100.0	530.6						
17	/Text	0.588,0.263,0.988	470.28	325.85						mixed
17	/Popup		1100.0	359.85						
17	/Text	0.588,0.263,0.988	624.67	335.1						in
17	/Popup		1100.0	369.1						
17	/Ink	0.024,0.541,0.11	404.32	490.95	346.9	470.15	447.32	508.94	447.32,508.94;446.56,508.94;445.80,508.18;445.04,508.18;442.00,507.42;441.24,506.66;440.48,506.66;439.72,506.66;438.96,506.66;438.19,505.90;437.43,505.90;435.91,505.14;435.15,505.14;434.39,505.14;433.63,505.14;432.11,503.62;430.59,503.62;429.83,502.86;429.07,502.86;428.31,502.10;427.54,502.10;426.02,501.34;425.26,501.34;425.26,500.58;424.50,500.58;422.98,499.82;422.22,498.29;421.46,498.29;420.70,498.29;419.94,498.29;419.94,497.53;419.18,497.53;418.42,497.53;417.65,496.77;416.89,496.01;416.13,496.01;415.37,496.01;413.85,494.49;413.09,494.49;412.33,493.73;411.57,493.73;410.05,491.45;409.29,491.45;407.76,491.45;407.00,490.69;405.48,489.93;404.72,489.93;403.96,489.93;402.44,489.93;402.44,489.16;401.68,489.16;401.68,488.40;400.92,488.40;400.16,488.40;400.16,487.64;399.40,487.64;399.40,486.88;397.88,486.12;396.35,486.12;395.59,485.36;394.83,485.36;393.31,484.60;392.55,483.84;391.03,483.84;390.27,483.84;388.75,483.08;387.99,482.32;387.22,482.32;386.46,482.32;384.18,480.04;383.42,480.04;381.14,479.28;379.62,479.28;376.57,478.51;375.81,478.51;373.53,477.75;370.49,476.99;369.73,476.99;366.68,476.23;365.16,474.71;364.40,474.71;359.84,473.95;359.08,473.19;357.56,472.43;354.51,471.67;352.23,471.67;350.71,470.91;348.43,470.15;347.67,470.15;346.90,470.15	stroke1/3 
17	/Ink	0.024,0.541,0.11	544.08	389.4	505.14	359.84	591.87	435.15	505.14,435.15;505.14,434.39;505.90,432.87;505.90,431.35;506.66,430.59;508.18,427.54;508.94,425.26;510.47,423.74;511.99,420.70;512.75,416.89;513.51,416.13;514.27,413.85;515.03,411.57;515.03,410.81;515.79,410.05;517.31,407.76;518.07,407.00;518.07,405.48;520.36,403.96;520.36,403.20;521.12,402.44;521.12,401.68;522.64,401.68;523.40,401.68;524.92,399.40;525.68,399.40;526.44,398.64;527.20,397.88;529.49,397.11;531.01,395.59;531.77,394.83;534.05,394.07;534.81,393.31;535.57,393.31;535.57,392.55;537.09,391.03;537.85,391.03;538.62,391.03;539.38,390.27;540.14,390.27;540.90,390.27;540.90,389.51;541.66,389.51;543.18,387.99;545.46,386.46;545.46,385.70;546.22,385.70;546.98,384.94;548.50,382.66;549.26,382.66;549.26,381.90;550.79,381.14;551.55,380.38;553.07,378.86;553.83,378.86;556.11,376.57;557.63,375.81;558.39,375.05;559.15,374.29;562.96,371.25;564.48,370.49;565.24,369.73;568.28,368.97;569.04,368.20;570.57,366.68;572.09,365.92;574.37,364.40;575.13,364.40;575.89,364.40;577.41,364.40;580.46,363.64;581.22,363.64;582.74,362.88;582.74,362.12;585.02,362.12;585.78,362.12;587.30,361.36;588.06,361.36;588.82,359.84;589.59,359.84;590.35,359.84;591.87,359.84	stroke2/3 
17	/Ink	0.024,0.541,0.11	583.38	452.62	531.01	435.15	667.18	477.75	531.01,477.75;531.77,476.99;532.53,475.47;533.29,475.47;533.29,474.71;533.29,473.95;534.81,472.43;537.85,470.15;538.62,469.39;540.90,466.34;543.18,466.34;543.94,465.58;544.70,464.82;545.46,464.06;546.22,464.06;549.26,463.30;550.03,462.54;550.79,462.54;551.55,461.78;553.83,461.78;553.83,460.26;554.59,460.26;555.35,460.26;555.35,459.50;557.63,459.50;558.39,458.74;559.15,458.74;559.92,458.74;559.92,457.98;560.68,457.98;561.44,457.98;562.20,457.98;562.96,457.21;563.72,456.45;564.48,456.45;565.24,456.45;567.52,454.93;569.04,454.17;569.80,454.17;569.80,453.41;571.33,453.41;572.09,453.41;574.37,452.65;576.65,451.89;577.41,451.89;578.17,451.13;578.93,451.13;579.70,451.13;580.46,451.13;580.46,450.37;582.74,450.37;582.74,449.61;584.26,449.61;585.02,448.85;586.54,448.08;586.54,447.32;588.06,447.32;589.59,447.32;590.35,446.56;591.11,446.56;591.87,446.56;593.39,445.80;594.91,445.80;596.43,445.04;597.95,445.04;602.52,442.76;603.28,442.76;604.04,442.00;608.60,442.00;612.41,441.24;614.69,441.24;620.01,440.48;621.54,440.48;626.10,439.72;629.90,438.96;632.19,438.96;637.51,438.19;645.12,437.43;648.16,437.43;654.25,435.91;655.77,435.91;661.10,435.91;663.38,435.15;664.14,435.15;664.90,435.15;665.66,435.15;666.42,435.15;667.18,435.15	stroke3/3 
17	/Popup		1100.0	554.94						
18	/Text	0.588,0.263,0.988	394.86	462.45						in
18	/Popup		896.67	505.31						
18	/Text	0.588,0.263,0.988	617.55	254.7						in
18	/Popup		896.67	297.56						
19	/Text	0.588,0.263,0.988	521.5	342.21						in
19	/Popup		1100.0	376.21						
20	/Text	0.588,0.263,0.988	500.16	350.75						in
20	/Popup		1100.0	384.75						
21	/Text	0.588,0.263,0.988	418.34	251.15						mixed
21	/Popup		1100.0	285.15						
21	/Text	0.588,0.263,0.988	569.17	392.02						in
21	/Popup		1100.0	426.02						
21	/Text	0.588,0.263,0.988	356.44	438.98						
21	/Popup		896.67	487.26						
21	/Text	0.588,0.263,0.988	356.44	438.98						out
21	/Popup		1100.0	472.98						
21	/Ink	0.024,0.541,0.11	389.31	517.07	383.42	471.91	402.44	561.68	384.18,561.68;384.18,560.92;384.18,558.63;384.18,557.11;383.42,553.31;383.42,552.55;383.42,547.98;383.42,547.22;383.42,546.46;383.42,545.70;383.42,544.18;383.42,543.42;383.42,541.90;383.42,541.14;383.42,540.38;383.42,539.62;383.42,538.09;383.42,537.33;383.42,536.57;383.42,535.81;383.42,535.05;383.42,534.29;384.18,532.01;384.18,531.25;384.18,530.49;384.94,528.96;384.94,526.68;384.94,525.92;384.94,525.16;385.70,522.88;386.46,521.36;386.46,520.60;387.22,519.07;387.22,516.03;387.22,515.27;387.22,514.51;387.22,513.75;387.99,512.99;387.99,512.23;388.75,512.23;389.51,509.18;390.27,508.42;390.27,507.66;391.03,506.90;391.03,506.14;391.79,503.10;391.79,502.34;393.31,497.77;394.07,496.25;394.83,493.97;395.59,491.69;395.59,490.93;396.35,490.16;397.88,485.60;399.40,481.80;399.40,481.04;400.16,477.99;400.16,477.23;400.92,476.47;400.92,475.71;401.68,475.71;401.68,474.95;402.44,473.43;402.44,472.67;402.44,471.91	stroke1/4 
21	/Ink	0.024,0.541,0.11	347.82	470.37	289.09	458.98	398.64	484.84	398.64,458.98;397.88,458.98;394.83,458.98;392.55,458.98;388.75,458.98;386.46,458.98;385.70,458.98;384.94,459.74;384.18,459.74;383.42,460.50;382.66,460.50;380.38,460.50;380.38,461.26;379.62,461.26;378.10,461.26;375.81,461.26;374.29,462.02;373.53,462.02;372.01,462.78;369.73,463.54;368.97,464.30;367.44,465.06;366.68,465.06;365.92,465.06;363.64,465.82;362.88,466.58;361.36,466.58;359.08,467.34;358.32,468.10;357.56,468.10;355.27,469.62;355.27,470.39;352.23,471.15;350.71,471.91;349.95,471.91;349.19,472.67;346.90,472.67;346.14,472.67;343.86,473.43;343.10,473.43;339.30,473.43;337.01,474.95;334.73,474.95;332.45,475.71;331.69,475.71;327.12,477.23;322.56,477.23;321.04,477.23;318.00,477.99;314.95,477.99;314.19,478.75;311.91,478.75;309.63,479.51;308.11,480.28;304.30,481.04;302.78,481.80;302.02,481.80;296.69,483.32;293.65,484.08;291.37,484.08;290.61,484.08;289.85,484.08;289.09,484.08;289.09,484.84	stroke2/4 
21	/Ink	0.024,0.541,0.11	481.15	267.2	480.04	204.88	483.08	312.15	480.80,312.15;481.56,310.63;481.56,309.87;482.32,309.11;482.32,306.06;482.32,305.30;482.32,303.02;482.32,300.74;482.32,299.98;482.32,298.45;482.32,296.93;482.32,296.17;482.32,294.65;482.32,293.89;482.32,293.13;482.32,292.37;482.32,291.61;482.32,290.85;481.56,290.85;481.56,289.33;481.56,288.56;481.56,287.81;481.56,287.04;480.80,287.04;480.80,286.28;480.80,285.52;480.80,284.76;480.80,283.24;480.04,281.72;480.04,280.96;480.04,280.20;480.04,279.44;480.04,277.92;480.04,277.15;480.04,276.39;480.04,275.63;480.04,274.87;480.04,273.35;480.04,271.83;480.04,269.55;480.04,268.79;480.04,268.02;480.04,267.26;480.04,266.50;480.04,265.74;480.04,264.98;480.04,264.22;480.04,263.46;480.04,262.70;480.04,261.94;480.04,261.18;480.04,260.42;480.04,259.66;480.04,258.90;480.04,258.13;480.04,257.37;480.04,256.61;480.04,255.09;480.04,252.81;480.04,252.05;480.04,251.29;480.80,249.77;480.80,246.72;480.80,242.92;480.80,242.16;481.56,236.83;481.56,236.07;482.32,233.03;482.32,232.27;482.32,229.23;482.32,228.47;482.32,226.18;482.32,223.90;482.32,223.14;482.32,215.53;483.08,210.21;483.08,209.45;483.08,207.16;483.08,206.40;483.08,204.88	stroke3/4 
21	/Ink	0.024,0.541,0.11	424.1	308.61	350.71	299.98	475.47	324.32	475.47,324.32;475.47,323.56;474.71,323.56;473.95,322.80;472.43,321.28;470.91,321.28;470.15,321.28;469.39,320.52;468.62,319.76;467.86,318.24;467.10,318.24;464.82,317.47;464.06,316.71;463.30,315.95;462.54,315.95;461.78,315.19;461.02,315.19;460.26,315.19;459.50,315.19;458.74,315.19;457.98,315.19;457.21,315.19;456.45,315.19;455.69,315.19;455.69,314.43;454.93,314.43;454.17,314.43;454.17,312.91;453.41,312.91;452.65,312.91;452.65,312.15;451.89,312.15;451.89,311.39;451.13,311.39;450.37,311.39;449.61,311.39;448.85,310.63;448.08,309.87;447.32,309.87;446.56,309.87;445.80,309.87;445.04,309.87;444.28,309.87;442.76,309.11;442.00,309.11;442.00,307.58;441.24,307.58;440.48,307.58;439.72,306.82;438.96,306.82;438.96,306.06;438.19,306.06;436.67,306.06;436.67,305.30;435.91,305.30;435.15,304.54;435.15,303.78;434.39,303.78;433.63,303.78;433.63,302.26;432.87,302.26;432.87,301.50;431.35,301.50;430.59,301.50;429.83,300.74;429.07,300.74;428.31,300.74;427.54,300.74;426.02,300.74;425.26,300.74;424.50,300.74;423.74,300.74;422.98,300.74;422.22,300.74;421.46,300.74;420.70,300.74;419.94,300.74;419.18,300.74;418.42,299.98;417.65,299.98;416.13,299.98;414.61,299.98;413.85,299.98;413.09,299.98;411.57,299.98;410.81,299.98;409.29,299.98;408.52,299.98;407.76,299.98;407.00,299.98;406.24,299.98;403.96,299.98;402.44,299.98;401.68,299.98;400.92,299.98;400.16,299.98;397.88,299.98;397.11,299.98;396.35,299.98;395.59,299.98;394.83,299.98;394.83,300.74;391.79,301.50;391.03,303.02;390.27,303.02;387.22,303.78;385.70,304.54;383.42,306.06;382.66,306.06;379.62,306.82;378.86,307.58;376.57,309.87;372.77,311.39;369.73,312.15;367.44,312.91;362.88,315.95;360.60,316.71;356.79,318.24;356.03,319.00;352.99,319.76;352.23,319.76;352.23,321.28;351.47,321.28;350.71,321.28;350.71,322.04;350.71,322.80	stroke4/4 
21	/Popup		1100.0	606.68						
