"mz","count","freq","mean","max","nz","mz_curated","is_known","is_on_tissue","metabolite_name","metabolite_adduct","metabolite_score","metabolite_hmdb","off_tissue_flagged","in_8772_set"
110.986020487568,30245,0.308329660643455,0.244595490860932,6.2304476580386,27984,110.986020487568,FALSE,TRUE,NA,NA,NA,NA,FALSE,TRUE
111.009771518668,21114,0.212285147642133,0.137842620706826,4.61595252041865,19267,111.009771518668,TRUE,FALSE,"Furoic acid","[M-H]-",54.8,"HMDB0000617",FALSE,TRUE
113.025497708496,68965,0.731004847950639,0.838121615151829,10.3454175152749,66346,113.025497708496,FALSE,TRUE,NA,NA,NA,NA,FALSE,TRUE
115.004616113557,21850,0.216648303217276,0.160052714840407,5.21678436453947,19663,115.004616113557,TRUE,FALSE,"Fumarate**","[M-H]-",59.4,"HMDB0000134",FALSE,TRUE
122.002362517866,22093,0.226773909211106,0.242711761085656,8.20960222862988,20582,122.002362517866,FALSE,TRUE,NA,NA,NA,NA,FALSE,TRUE
122.986220406263,86184,0.941009255178493,2.31944855546737,14.5081982263188,85406,122.986220406263,TRUE,TRUE,"Butenoic acid","[M+K-2H]-",66,"HMDB0010720",FALSE,TRUE
124.008359361652,46849,0.475385632437197,0.447920305211495,6.72021476510067,43146,124.008359361652,TRUE,FALSE,"Taurine","[M-H]-",60.8,"HMDB0000251",FALSE,TRUE
127.052232788969,63137,0.673171000440723,0.720145214695573,5.98052499158828,61097,127.052232788969,TRUE,FALSE,"Dihydrothymine","[M-H]-",63.3,"HMDB0000079",TRUE,TRUE
127.077339259005,21246,0.216483032172763,0.173578109925479,5.83196884190446,19648,127.077339259005,TRUE,FALSE,"Hydroxyheptanoic acid","[M-H2O-H]-",65.1,"HMDB0061653",FALSE,TRUE
128.036217924399,83530,0.907393124724548,2.28407893000944,21.0105125186227,82355,128.036217924399,TRUE,FALSE,"Pyroglutamic acid","[M-H]-",64.8,"HMDB0000267",FALSE,TRUE
131.083527457822,30702,0.314863375936536,0.225550005130758,3.88450006724311,28577,131.083527457822,TRUE,FALSE,"Ornithine","[M-H]-",64.7,"HMDB0000214",FALSE,TRUE
132.031658947146,69750,0.724691494050242,1.14165098665957,13.7782950751878,65773,132.031658947146,TRUE,TRUE,"Aspartate","[M-H]-",45.9,"HMDB0000191",FALSE,TRUE
133.015706979211,19599,0.192937417364478,0.149123195202431,5.3865114525403,17511,133.015706979211,TRUE,FALSE,"Malate","[M-H]-",45.1,"HMDB0000156",FALSE,TRUE
134.047938611055,79620,0.855321727633319,1.25925313153805,8.24475539837005,77629,134.047938611055,TRUE,FALSE,"Adenine","[M-H]-",73.1,"HMDB0000034",TRUE,TRUE
134.987069870716,72130,0.76135962979286,1.11741168238396,13.1224348921102,69101,134.987069870716,FALSE,TRUE,NA,NA,NA,NA,FALSE,TRUE
135.032146732398,44955,0.470008814455707,0.448639056871627,10.7668423970755,42658,135.032146732398,TRUE,FALSE,"Hypoxanthine","[M-H]-",66.2,"HMDB0000157",TRUE,TRUE
137.001750059134,56219,0.596992066989863,0.971047898131116,14.6004503757737,54183,137.001750059134,TRUE,TRUE,"Pentenoic acid","[M+K-2H]-",73.9,"HMDB0031602",FALSE,TRUE
138.981265050155,13139,0.12788673424416,0.0850930556383293,3.84770752449621,11607,138.981265050155,TRUE,FALSE,"Acetylphosphate","[M-H]-",61.1,"HMDB0001494",FALSE,TRUE
139.052394938901,8695,0.0866130453944469,0.0506303760519896,3.62391020136616,7861,139.052394938901,TRUE,FALSE,"Imidazolepropionate","[M-H]-",60.7,"HMDB0002271",FALSE,TRUE
140.012505664624,57456,0.616934773027766,1.21888601602566,19.5124218958853,55993,140.012505664624,TRUE,TRUE,"Phosphoethanolamine","[M-H]-",75.4,"HMDB0000224",FALSE,TRUE
142.051060976071,47227,0.459585720581754,0.345082081845137,5.36989992569083,41712,142.051060976071,TRUE,FALSE,"Aminoadipic acid","[M-H2O-H]-",96.7,"HMDB0000510",TRUE,TRUE
143.048279550872,22077,0.203657999118554,0.128283591583507,3.57487254414325,18484,143.048279550872,TRUE,FALSE,"Serylglycine","[M-H2O-H]-",27.9,"HMDB0029039",FALSE,TRUE
145.062514712631,87782,0.959486557955046,3.08169496959239,14.2138571701657,87083,145.062514712631,TRUE,FALSE,"Glutamine","[M-H]-",77.6,"HMDB0000641",TRUE,TRUE
146.04691562719,90929,0.997047157338034,7.66994576267965,62.7519253715153,90492,146.04691562719,TRUE,FALSE,"Glutamic acid","[M-H]-",64.6,"HMDB0000148",FALSE,TRUE
149.996361266977,5094,0.104164830321728,0.0634336556534436,2.61251780014337,9454,149.996361266977,TRUE,FALSE,"Phosphonopropionic acid","[M-H2O-H]-",93.5,"HMDB0000370",FALSE,TRUE
150.981057155016,35713,0.362406346408109,0.361344242657178,7.89594816341987,32892,150.981057155016,FALSE,TRUE,NA,NA,NA,NA,FALSE,TRUE
151.025589591708,17930,0.196165711767298,0.176639842826038,5.10474939870428,17804,151.025589591708,TRUE,FALSE,"Xanthine","[M-H]-",81.5,"HMDB0000292",FALSE,TRUE
152.996390981494,89650,0.985202732481269,6.59405064362484,63.4652463486453,89417,152.996390981494,FALSE,TRUE,NA,NA,NA,NA,FALSE,TRUE
153.019805022368,88437,0.956621859850154,1.96173246051997,19.4388573755709,86823,153.019805022368,TRUE,FALSE,"Dihydroxybenzoic acid","[M-H]-",84.6,"HMDB0029666",FALSE,TRUE
154.05314025662,71000,0.754319083296606,1.39310664873118,22.2160065224398,68462,154.05314025662,FALSE,TRUE,NA,NA,NA,NA,FALSE,TRUE
154.061129109229,55931,0.577357866901719,0.830020381057748,10.6226766379897,52401,154.061129109229,TRUE,FALSE,"Histidine","[M-H]-",65.2,"HMDB0000177",TRUE,TRUE
155.083163267336,20295,0.180123402379903,0.116145581973044,5.4824621003015,16348,155.083163267336,TRUE,FALSE,"Acetylornithine","[M-H2O-H]-",81.9,"HMDB0003357",FALSE,TRUE
158.925780142492,4842,0.044821507271926,0.0275158518114436,3.24600723612205,4068,158.925780142492,TRUE,FALSE,"Pyrophosphate","[M-H2O-H]-",87.5,"HMDB0000250",FALSE,FALSE
160.061125719176,82743,0.811866460996034,1.04242959690789,5.62033669400507,73685,160.061125719176,TRUE,FALSE,"Aminoadipic acid","[M-H]-",87.3,"HMDB0000510",TRUE,TRUE
163.017504772944,38824,0.386557955046276,0.399250440135259,9.51403132263502,35084,163.017504772944,FALSE,TRUE,NA,NA,NA,NA,FALSE,TRUE
165.032223290098,28686,0.303261348611723,0.278609102972622,6.23539559504679,27524,165.032223290098,FALSE,TRUE,NA,NA,NA,NA,FALSE,TRUE
166.973772200931,500,0.0106765094755399,0.00603334244813441,2.0639139219794,969,166.973772200931,TRUE,FALSE,"Phosphoenolpyruvic acid","[M-H]-",60.3,"HMDB0000263",FALSE,FALSE
167.022479682469,13697,0.137009695901278,0.0893686531807839,3.94344279577805,12435,167.022479682469,TRUE,FALSE,"Uric acid","[M-H]-",57.6,"HMDB0000289",FALSE,TRUE
167.108350993815,12744,0.128360511238431,0.0963872035392814,5.63793770139635,11650,167.108350993815,TRUE,FALSE,"Oxodecanoic acid","[M-H2O-H]-",82.1,"HMDB0010724",FALSE,TRUE
168.007304162926,32150,0.334883208461877,0.274971824469248,5.53349447178621,30394,168.007304162926,FALSE,TRUE,NA,NA,NA,NA,FALSE,TRUE
168.043312599811,90545,0.973578669017188,4.31789988128659,41.5149129547829,88362,168.043312599811,TRUE,TRUE,"Leucine","[M+K-2H]-",97.7,"HMDB0000687",FALSE,TRUE
169.09866661342,8070,0.078140149845747,0.0475758133272737,3.0005775372435,7092,169.09866661342,TRUE,FALSE,"Glycylleucine","[M-H2O-H]-",87.7,"HMDB0000759",FALSE,TRUE
171.00680953835,88997,0.974955927721463,3.97355209589165,18.2773881546745,88487,171.00680953835,TRUE,FALSE,"Glycerol phosphate","[M-H]-",88,"HMDB0000126",TRUE,TRUE
171.079757491996,90293,0.955398854120758,1.96235747762338,12.2218598120747,86712,171.079757491996,TRUE,FALSE,"Glycylproline","[M-H]-",34.5,"HMDB0000721",FALSE,TRUE
171.103141789247,67598,0.749988981930366,1.20081680082865,17.1743644138977,68069,171.103141789247,FALSE,TRUE,NA,NA,NA,NA,FALSE,TRUE
173.01159146604,21218,0.180553107095637,0.10599220904402,3.25855971957317,16387,173.01159146604,TRUE,FALSE,"Aconitate","[M-H]-",29.8,"HMDB0000072",FALSE,TRUE
175.027774747981,53682,0.535356985456148,0.408338378301655,3.33267289050082,48589,175.027774747981,TRUE,FALSE,"Ascorbic acid","[M-H]-",15.3,"HMDB0000044",TRUE,TRUE
176.936083152136,1088,0.0100484795063905,0.00564367827058257,2.04736829787732,912,176.936083152136,TRUE,FALSE,"Pyrophosphate","[M-H]-",96.2,"HMDB0000250",FALSE,FALSE
177.042446509484,21075,0.269468929043632,0.190603492141358,3.74354684776641,24457,177.042446509484,TRUE,FALSE,"Gulonolactone","[M-H]-",43.9,"HMDB0003466",FALSE,TRUE
179.012031150747,53555,0.565744821507272,0.779418099622316,12.3652551138422,51347,179.012031150747,FALSE,TRUE,NA,NA,NA,NA,FALSE,TRUE
179.0351690683,23801,0.234861172322609,0.154168561149321,4.39095995930528,21316,179.0351690683,TRUE,FALSE,"Hydroxyphenylpyruvate","[M-H]-",94.8,"HMDB0000707",FALSE,TRUE
179.045958769304,29362,0.329054649625386,0.353899261465069,4.6554648423294,29865,179.045958769304,TRUE,FALSE,"Nicotinuric acid","[M-H]-",92.8,"HMDB0003269",TRUE,TRUE
180.043936264631,64084,0.653580872631115,1.7926227769047,27.547321566673,59319,180.043936264631,TRUE,TRUE,"Indoleacetaldehyde","[M+Na-2H]-",76.3,"HMDB0001190",FALSE,TRUE
180.991258462327,42998,0.449482150727193,0.610069053267743,8.90508227452614,40795,180.991258462327,FALSE,TRUE,NA,NA,NA,NA,FALSE,TRUE
184.985034998875,11895,0.117188188629352,0.0787949196314796,40.2039477261605,10636,184.985034998875,TRUE,FALSE,"Phosphoglyceric acid","[M-H]-",83,"HMDB0000362",FALSE,TRUE
187.075675365776,32604,0.421430145438519,0.842810791986714,9.99926037411309,38249,187.075675365776,TRUE,FALSE,"Acetylglutamine","[M-H]-",13.3,"HMDB0006029",TRUE,TRUE
191.021703783228,38030,0.377842661965624,0.309650588010677,11.6591172232264,34293,191.021703783228,TRUE,FALSE,"Citrate","[M-H]-",48.2,"HMDB0000094",TRUE,TRUE
192.988689418021,64165,0.690337152930807,0.771298280153774,9.62561811027373,62655,192.988689418021,FALSE,TRUE,NA,NA,NA,NA,FALSE,TRUE
193.03882742583,11767,0.140359189070075,0.0838794562811622,3.79003116843626,12739,193.03882742583,TRUE,FALSE,"Glucuronic acid","[M-H]-",10.6,"HMDB0000127",FALSE,TRUE
196.038696324356,81632,0.877247686205377,1.65792192720148,18.076548883685,79619,196.038696324356,TRUE,TRUE,"Indoleacetic acid","[M+Na-2H]-",82.1,"HMDB0000197",FALSE,TRUE
197.02230201414,69594,0.752247686205377,0.979635168236002,6.93631179084476,68274,197.02230201414,TRUE,FALSE,"Anhydrohexose","[M+Cl]-",98,"HMDB0000640",TRUE,TRUE
198.08797487522,9803,0.19504186866461,0.144531316908945,4.66673895952504,17702,198.08797487522,TRUE,FALSE,"Acetylcitrulline","[M-H2O-H]-",88.9,"HMDB0000856",FALSE,TRUE
199.003048494854,32594,0.299889819303658,0.275842461065763,8.94141503754634,27218,199.003048494854,TRUE,FALSE,"Erythrose phosphate","[M-H]-",56.4,"HMDB0001321",FALSE,TRUE
202.085970354,11301,0.131643895989423,0.0785872616266922,3.09301575898244,11948,202.085970354,TRUE,FALSE,"Indolebutyrate","[M-H]-",65.8,"HMDB0002096",FALSE,TRUE
203.027441383671,79759,0.790480387836051,1.37785555832885,11.3443957822273,71744,203.027441383671,FALSE,TRUE,NA,NA,NA,NA,FALSE,TRUE
205.04356372673,68568,0.725242397531952,1.3510010337247,12.297602370071,65823,205.04356372673,FALSE,TRUE,NA,NA,NA,NA,FALSE,TRUE
208.039232855482,47008,0.448931247245483,0.407954760959173,5.5481109670909,40745,208.039232855482,FALSE,TRUE,NA,NA,NA,NA,FALSE,TRUE
208.074956151697,65200,0.714048038783605,1.20624302112396,14.2202606630976,64807,208.074956151697,FALSE,TRUE,NA,NA,NA,NA,FALSE,TRUE
212.071282206377,10609,0.116505068312032,0.0681701579948317,2.71862376037239,10574,212.071282206377,TRUE,FALSE,"Phenylaminobenzoic acid","[M-H]-",90.1,"HMDB0246312",FALSE,TRUE
213.017242657728,11312,0.12423975319524,0.0755307683490896,4.64912119368175,11276,213.017242657728,TRUE,FALSE,"Deoxypentose phosphate","[M-H]-",93.4,"HMDB0001213",FALSE,TRUE
215.035029085023,25048,0.28126928162186,0.213760633476839,3.6056576849823,25528,215.035029085023,TRUE,FALSE,"hexose","[M+Cl]-",47.9,"HMDB0000143",FALSE,TRUE
220.084072005389,4742,0.0969810489202292,0.0572022183534339,2.75119225299382,8802,220.084072005389,TRUE,FALSE,"Hexosamine","[M-H]-",67.9,"HMDB0000215",FALSE,TRUE
221.067287797845,52811,0.58691053327457,1.52448236214216,25.4993120718302,53268,221.067287797845,FALSE,TRUE,NA,NA,NA,NA,FALSE,TRUE
224.069790122447,77305,0.837615689731159,2.1126970104802,23.0704505893255,76022,224.069790122447,TRUE,TRUE,"Indolebutyric acid","[M+Na-2H]-",89,"HMDB0002096",FALSE,TRUE
226.086403919139,13118,0.151333186425738,0.0916708968987927,2.95325581395349,13735,226.086403919139,TRUE,FALSE,"Deoxycytidine","[M-H]-",32,"HMDB0000014",FALSE,TRUE
227.03265365533,14789,0.163970912296166,0.140334203369307,5.07110382277561,14882,227.03265365533,TRUE,FALSE,"Hydroxyoctanedioic acid","[M+K-2H]-",98.4,"HMDB0000325",FALSE,TRUE
227.201740406645,90540,0.994424856765095,3.06457956335351,19.0811541791491,90254,227.201740406645,FALSE,TRUE,NA,NA,NA,NA,FALSE,TRUE
228.101783000108,11910,0.1394006170119,0.0859904378326972,3.28240650321819,12652,228.101783000108,TRUE,FALSE,"Prolyl-asparagine","[M-H]-",38.5,"HMDB0029012",FALSE,TRUE
229.013518736107,7384,0.103580872631115,0.0553464828113114,2.03829212105957,9401,229.013518736107,TRUE,FALSE,"pentose phosphate","[M-H]-",64.2,"HMDB0001548",FALSE,TRUE
236.030084002166,76624,0.786183340678713,1.07333761736483,8.87543262099654,71354,236.030084002166,FALSE,TRUE,NA,NA,NA,NA,FALSE,TRUE
240.135853801832,21230,0.205475980608197,0.14001625036698,4.49754657580492,18649,240.135853801832,TRUE,FALSE,"Leucylglutamine","[M-H2O-H]-",89.8,"HMDB0028927",FALSE,TRUE
241.012087941203,77962,0.855266637285148,4.10146529298366,75.7598250688803,77624,241.012087941203,TRUE,TRUE,"Hexose phosphate","[M-H2O-H]-",95.6,"HMDB0002985",FALSE,TRUE
242.016244571867,30964,0.307679594535037,0.329519741963128,8.36220564991324,27925,242.016244571867,FALSE,TRUE,NA,NA,NA,NA,FALSE,TRUE
242.043895358574,61575,0.671187747906567,1.17435197851264,16.9642854332722,60917,242.043895358574,FALSE,TRUE,NA,NA,NA,NA,FALSE,TRUE
242.080012131303,89901,0.990436315557514,11.4082634986786,51.1270512103673,89892,242.080012131303,TRUE,FALSE,"Cytidine","[M-H]-",63.5,"HMDB0000089",TRUE,TRUE
243.025621260674,17171,0.204914059056853,0.123155216699721,2.82784905531099,18598,243.025621260674,TRUE,FALSE,"Fucose phosphate","[M-H]-",60.8,"HMDB0001265",FALSE,TRUE
251.201824313158,27993,0.298049801674747,0.347098224887485,8.72783505154639,27051,251.201824313158,FALSE,TRUE,NA,NA,NA,NA,FALSE,TRUE
253.217381860068,90801,0.996959012780961,7.11643115707249,86.1987164719434,90484,253.217381860068,TRUE,TRUE,"palmitoleic acid (C16:1)","[M-H]-",98.5,"HMDB0003229",FALSE,TRUE
254.220801381,69013,0.734244160423094,1.3176210243196,19.2797163684437,66640,254.220801381,FALSE,TRUE,NA,NA,NA,NA,FALSE,TRUE
255.113763660096,84606,0.876641692375496,1.25697893238751,10.5714431334574,79564,255.113763660096,FALSE,TRUE,NA,NA,NA,NA,FALSE,TRUE
255.232676855203,90762,0.999977963860732,23.0218170548514,197.380384312261,90758,255.232676855203,TRUE,TRUE,"palmitic acid (C16:0)","[M-H]-",94.6,"HMDB0000220",FALSE,TRUE
256.062027321227,12692,0.137296165711767,0.0764491058192738,3.0826675670442,12461,256.062027321227,TRUE,FALSE,"Hexosamine","[M+Cl]-",47.5,"HMDB0000215",FALSE,TRUE
256.236501894261,90428,0.985500220361393,4.23312418839891,40.1109714943421,89444,256.236501894261,FALSE,TRUE,NA,NA,NA,NA,FALSE,TRUE
257.080385862257,10182,0.148854120758043,0.0877552987339608,2.65809196690296,13510,257.080385862257,TRUE,FALSE,"Ribothymidine","[M-H]-",51.8,"HMDB0000884",FALSE,TRUE
259.021484764991,86237,0.809321286910533,1.88905855225389,29.2840707941667,73454,259.021484764991,TRUE,TRUE,"hexose phosphate","[M-H]-",81.5,"HMDB0001401",FALSE,TRUE
259.243404990375,5929,0.0589246364037021,0.0501316799843628,4.19318627076813,5348,259.243404990375,TRUE,FALSE,"Heptadecene","[M+Na-2H]-",48.2,"HMDB0302312",FALSE,TRUE
264.061965490848,74869,0.75453944468929,0.829086932714419,7.57049064595835,68482,264.061965490848,FALSE,TRUE,NA,NA,NA,NA,FALSE,TRUE
264.954826936236,330,0.00782282944028206,0.00370737484125609,1.30725961220303,710,264.954826936236,TRUE,FALSE,"Diphosphoglyceric acid","[M-H]-",46.5,"HMDB0001294",FALSE,FALSE
267.07590368353,68942,0.651895107977082,0.587682375445161,7.46034890452906,59166,267.07590368353,TRUE,FALSE,"Inosine","[M-H]-",54.9,"HMDB0000195",TRUE,TRUE
267.233166484797,61085,0.64910753635963,0.955852188280826,12.7194781533418,58913,267.233166484797,FALSE,TRUE,NA,NA,NA,NA,FALSE,TRUE
269.248702467772,75798,0.81364037020714,1.17525221445437,15.1314904090641,73846,269.248702467772,TRUE,TRUE,"C17:0","[M-H]-",98.2,"HMDB0002259",FALSE,TRUE
277.21762573244,20748,0.218796826795945,0.240201133911239,7.35765232871992,19858,277.21762573244,TRUE,TRUE,"linolenic acid (C18:3)","[M-H]-",94.2,"HMDB0001388",FALSE,TRUE
279.233163696513,74626,0.799195680916703,2.90947481365333,47.4925960187755,72535,279.233163696513,TRUE,TRUE,"Linoleic acid (C18:2)","[M-H]-",96.2,"HMDB0000673",FALSE,TRUE
280.236995674494,39355,0.403768179814896,0.619694325612916,13.6326492500639,36646,280.236995674494,FALSE,TRUE,NA,NA,NA,NA,FALSE,TRUE
280.264964093325,30029,0.309332304980167,0.300511570801231,6.91050010104252,28075,280.264964093325,FALSE,TRUE,NA,NA,NA,NA,FALSE,TRUE
281.070473356426,75296,0.702589246364037,0.762976760776767,10.3627999092278,63767,281.070473356426,FALSE,TRUE,NA,NA,NA,NA,FALSE,TRUE
281.248717833011,90701,0.998788012340238,32.3526255217439,376.997078100281,90650,281.248717833011,TRUE,TRUE,"oleic acid","[M-H]-",98,"HMDB0000207",FALSE,TRUE
282.252215361766,86948,0.943422212428383,6.54514662059497,76.8823596770807,85625,282.252215361766,FALSE,TRUE,NA,NA,NA,NA,FALSE,TRUE
283.07134574082,42929,0.463706478624945,0.327072861347619,3.35880550210249,42086,283.07134574082,TRUE,FALSE,"Xanthosine","[M-H]-",48.1,"HMDB0000299",TRUE,TRUE
283.144867718856,68075,0.675220361392684,0.673971192198779,7.48966338397495,61283,283.144867718856,FALSE,TRUE,NA,NA,NA,NA,FALSE,TRUE
283.264260533999,90857,0.997950639048039,8.51302006324596,97.3105773343177,90574,283.264260533999,TRUE,TRUE,"Stearic acid (C18:0)","[M-H]-",99.9,"HMDB0000827",FALSE,TRUE
284.067183499091,9973,0.201487439400617,0.117745903950316,2.4766121164869,18287,284.067183499091,TRUE,FALSE,"Threonylglutamine","[M+K-2H]-",69.1,"HMDB0029059",FALSE,TRUE
284.267849969007,76422,0.801751873071838,1.75414788825978,22.695912091693,72767,284.267849969007,FALSE,TRUE,NA,NA,NA,NA,FALSE,TRUE
289.030897134367,24362,0.228250330542089,0.133519444394601,2.60712421368886,20716,289.030897134367,TRUE,FALSE,"sedoheptulose phosphate","[M-H]-",63.5,"HMDB0060509",FALSE,TRUE
290.089073370192,27774,0.359596738651388,0.55140159891665,15.9565939500252,32637,290.089073370192,FALSE,TRUE,NA,NA,NA,NA,FALSE,TRUE
297.039031060443,34578,0.326267078007933,0.335829254242713,7.80562115032119,29612,297.039031060443,FALSE,TRUE,NA,NA,NA,NA,FALSE,TRUE
297.243907953762,59471,0.623016747465844,0.697758815688443,6.82305720292364,56545,297.243907953762,FALSE,TRUE,NA,NA,NA,NA,FALSE,TRUE
297.280586178835,10166,0.100308505949758,0.0674272067948028,4.04968534964418,9104,297.280586178835,TRUE,FALSE,"Methyl stearic acid","[M-H]-",88.5,"HMDB0034154",FALSE,TRUE
299.05411029801,73370,0.793620537681798,2.1052039142135,34.5035856371791,72029,299.05411029801,TRUE,TRUE,"Trihydroxymethoxyflavone","[M-H]-",66.5,"HMDB0250025",FALSE,TRUE
300.057250855759,35498,0.38161084178052,0.324125216928622,6.96441367553558,34635,300.057250855759,FALSE,TRUE,NA,NA,NA,NA,FALSE,TRUE
301.217527409075,68847,0.733428823270163,2.86214646871511,47.9528918679214,66566,301.217527409075,TRUE,TRUE,"eicosapentaenoic acid (C20:5)","[M-H]-",96.3,"HMDB0001999",FALSE,TRUE
302.22110045698,36326,0.38195240193918,0.65731898821861,13.0717594350368,34666,302.22110045698,FALSE,TRUE,NA,NA,NA,NA,FALSE,TRUE
303.233141712234,89457,0.976145879241957,14.1768491883931,216.060336144095,88595,303.233141712234,TRUE,TRUE,"Arachidonic acid (C20:4)","[M-H]-",96.9,"HMDB0001043",FALSE,TRUE
304.236594166542,72991,0.784861172322609,3.22038314924079,51.0494992256066,71234,304.236594166542,FALSE,TRUE,NA,NA,NA,NA,FALSE,TRUE
305.24865381316,85916,0.922014103129132,4.43982485088699,64.3372561303025,83682,305.24865381316,TRUE,TRUE,"Dihomo-gamma-linolenic acid (C20:3)","[M-H]-",99.2,"HMDB0002925",FALSE,TRUE
306.07751386123,73635,0.828834288232702,1.53048841328531,19.0687527192975,75225,306.07751386123,TRUE,FALSE,"Glutathione","[M-H]-",83.9,"HMDB0000125",TRUE,TRUE
306.251884787178,53918,0.55902379903041,1.00225295842369,17.6104258749296,50737,306.251884787178,FALSE,TRUE,NA,NA,NA,NA,FALSE,TRUE
307.263113094604,47690,0.46474217717056,0.830566747593114,34.2916631411779,42180,307.263113094604,TRUE,TRUE,"eicosadienoic acid","[M-H]-",81.4,"HMDB0005060",FALSE,TRUE
308.095596828513,18819,0.300396650506831,0.320953775329487,7.87947845938805,27264,308.095596828513,TRUE,FALSE,"N-Acetylneuraminic acid","[M-H]-",49.6,"HMDB0000230",TRUE,TRUE
309.280330821512,46052,0.48843102688409,0.826651526087793,16.1632360837659,44330,309.280330821512,TRUE,TRUE,"C20:1","[M-H]-",93.1,"HMDB0062436",FALSE,TRUE
311.175094622661,99278,0.950495813133539,2.09934475715657,52.1343348542234,86267,311.175094622661,FALSE,TRUE,NA,NA,NA,NA,FALSE,TRUE
311.295365549353,25598,0.242243278977523,0.196419400130149,6.55406417668121,21986,311.295365549353,TRUE,FALSE,"Arachidic acid (C20:0)","[M-H]-",97,"HMDB0002212",FALSE,TRUE
312.174024592041,22471,0.512384310268841,0.424745886496778,6.67443434214846,46504,312.174024592041,FALSE,TRUE,NA,NA,NA,NA,FALSE,TRUE
315.049665722482,92306,0.922531952401939,2.75540946378672,29.2394882087306,83729,315.049665722482,FALSE,TRUE,NA,NA,NA,NA,FALSE,TRUE
316.054438035839,38952,0.467320405464963,0.407404624243212,7.60561207688441,42414,316.054438035839,FALSE,TRUE,NA,NA,NA,NA,FALSE,TRUE
322.041084308762,11307,0.132172763331864,0.0770735856002031,4.32661340240546,11996,322.041084308762,TRUE,FALSE,"Cytidine monophosphate","[M-H]-",45.8,"HMDB0000095",FALSE,TRUE
323.026680847442,89299,0.964070074922874,2.39903896143868,17.7211268414279,87499,323.026680847442,TRUE,FALSE,"Uridine monophosphate","[M-H]-",70.4,"HMDB0000288",TRUE,TRUE
327.233690512598,74200,0.775220361392684,3.51289102337022,61.273571105022,70359,327.233690512598,TRUE,TRUE,"Docosahexaenoic acid (C22:6)","[M-H]-",88.7,"HMDB0002183",FALSE,TRUE
328.044578477213,19134,0.206754076685765,0.124614597840656,3.64680419236685,18765,328.044578477213,TRUE,FALSE,"Cyclic AMP","[M-H]-",89.9,"HMDB0000058",FALSE,TRUE
328.058857193019,53387,0.584728955486999,0.661126257056356,6.90395897593338,53070,328.058857193019,TRUE,FALSE,"Glutathione","[M+Na-2H]-",94.2,"HMDB0000125",TRUE,TRUE
328.236848988339,49639,0.501895107977082,0.924856208761881,17.498350235124,45552,328.236848988339,FALSE,TRUE,NA,NA,NA,NA,FALSE,TRUE
329.248805559418,68134,0.724526223005729,2.4677473770347,51.0509142317304,65758,329.248805559418,TRUE,TRUE,"C22:5","[M-H]-",96.9,"HMDB0246621",FALSE,TRUE
330.252365694559,39461,0.402985896870868,0.630854959001579,15.1876470505361,36575,330.252365694559,FALSE,TRUE,NA,NA,NA,NA,FALSE,TRUE
331.264868734231,39823,0.424416042309387,0.711959210331183,21.0338372930166,38520,331.264868734231,TRUE,TRUE,"Docosatetraenoic acid (C22:4)","[M-H]-",90.7,"HMDB0002226",FALSE,TRUE
333.063555143264,13947,0.336976641692376,0.253780038171111,4.67925204745846,30584,333.063555143264,TRUE,FALSE,"docosatetraenoic acid (C22:4)","[M-H]-",34.9,"HMDB0011649",FALSE,TRUE
333.279387344644,21279,0.213442044953724,0.254378067918744,9.73479212253829,19372,333.279387344644,FALSE,TRUE,NA,NA,NA,NA,FALSE,TRUE
337.311928780664,10638,0.107910973997356,0.0946197791664017,4.3346921339532,9794,337.311928780664,TRUE,FALSE,"Butyl oleic acid","[M-H]-",89.3,"HMDB0062659",FALSE,TRUE
338.986737379081,1041,0.0316549140590569,0.0162370402054934,2.27813753233451,2873,338.986737379081,TRUE,FALSE,"Fructose bisphosphate","[M-H]-",70,"HMDB0001058",FALSE,FALSE
339.327256842491,8590,0.0844755398854121,0.0608809859597541,3.54441832419124,7667,339.327256842491,TRUE,FALSE,"C22:0","[M-H]-",94.1,"HMDB0000944",FALSE,TRUE
341.104448600344,90806,0.999812692816219,24.9536446365502,52.2910714606287,90743,341.104448600344,TRUE,FALSE,"Trehalose","[M-H]-",34.2,"HMDB0000975",TRUE,TRUE
346.057724698642,90525,0.900440722785368,1.7672220665998,36.3773821551754,81724,346.057724698642,TRUE,TRUE,"Adenosine monophosphate","[M-H]-",72.3,"HMDB0000045",FALSE,TRUE
347.038366535083,3227,0.078470691934773,0.0399895636236647,2.31104741581262,7122,347.038366535083,TRUE,FALSE,"Inosine monophosphate","[M-H]-",79,"HMDB0000175",FALSE,TRUE
355.04173600403,85513,0.918818862935214,2.55512256195362,27.0494682617031,83392,355.04173600403,FALSE,TRUE,NA,NA,NA,NA,FALSE,TRUE
356.045213200447,34383,0.352093433230498,0.298775858589996,5.46407787762088,31956,356.045213200447,FALSE,TRUE,NA,NA,NA,NA,FALSE,TRUE
361.210617511019,12386,0.282657558395769,0.230908686312794,5.77848968740195,25654,361.210617511019,FALSE,TRUE,NA,NA,NA,NA,FALSE,TRUE
361.219138095579,15851,0.366791538122521,0.29691912319758,5.77848968740195,33290,361.219138095579,FALSE,TRUE,NA,NA,NA,NA,FALSE,TRUE
362.049413687998,18522,0.250451740855002,0.162599914614834,4.52057784805136,22731,362.049413687998,TRUE,FALSE,"Guanosine monophosphate","[M-H]-",81.9,"HMDB0001397",FALSE,TRUE
363.231137247943,50456,0.538695460555311,0.789949938497597,11.8627026760227,48892,363.231137247943,FALSE,TRUE,NA,NA,NA,NA,FALSE,TRUE
364.02092916095,1511,0.0313904803878361,0.0146203035214377,1.62098234205033,2849,364.02092916095,TRUE,FALSE,"Cyclic-AMP","[M+Cl]-",86.4,"HMDB0000058",FALSE,FALSE
371.079392559687,85960,0.903735125605994,1.31278797442932,5.68898103054169,82023,371.079392559687,TRUE,FALSE,"Feruloylquinolactone","[M+Na-2H]-",38.6,"HMDB0029290",TRUE,TRUE
375.231850425204,36330,0.469248567650948,1.07697878722732,15.9847260481468,42589,375.231850425204,FALSE,TRUE,NA,NA,NA,NA,FALSE,TRUE
376.228472793775,42048,0.454671661524901,0.597786275888123,13.1042577675489,41266,376.228472793775,FALSE,TRUE,NA,NA,NA,NA,FALSE,TRUE
376.948431088803,435,0.00961877479065668,0.00453803016967433,1.4374197754732,873,376.948431088803,TRUE,FALSE,"Fructose bisphosphate","[M+K-2H]-",49.9,"HMDB0001058",FALSE,FALSE
377.247608398377,45338,0.453613926840018,0.535436148909151,10.712252154218,41170,377.247608398377,FALSE,TRUE,NA,NA,NA,NA,FALSE,TRUE
383.114801291586,89789,0.952346848832085,1.76410350166983,7.93729598616899,86435,383.114801291586,TRUE,FALSE,"S-Adenosylhomocysteine","[M-H]-",93.6,"HMDB0000939",TRUE,TRUE
384.996937080401,520,0.0129572498898193,0.0063754751802713,1.91560741721601,1176,384.996937080401,TRUE,FALSE,"Inosine monophosphate","[M+K-2H]-",84,"HMDB0000175",FALSE,FALSE
389.211328824934,51685,0.559144997796386,0.983974385653707,16.7578443648265,50748,389.211328824934,FALSE,TRUE,NA,NA,NA,NA,FALSE,TRUE
389.247264540972,29202,0.327324812692816,0.393111102042532,8.17633031816123,29708,389.247264540972,FALSE,TRUE,NA,NA,NA,NA,FALSE,TRUE
390.214682858908,27774,0.301586602027325,0.292384069662023,6.26076568633028,27372,390.214682858908,FALSE,TRUE,NA,NA,NA,NA,FALSE,TRUE
391.225769204033,89117,0.975110180696342,7.84320022358065,78.6208107349225,88501,391.225769204033,FALSE,TRUE,NA,NA,NA,NA,FALSE,TRUE
392.229639855998,71255,0.755002203613927,1.76692987740714,30.1135597075548,68524,392.229639855998,FALSE,TRUE,NA,NA,NA,NA,FALSE,TRUE
393.235652901867,42278,0.37940722785368,0.425182944126015,7.17355847203211,34435,393.235652901867,FALSE,TRUE,NA,NA,NA,NA,FALSE,TRUE
401.246935754357,33544,0.336007051564566,0.373817139459775,7.92105120108322,30496,401.246935754357,TRUE,TRUE,"Arachidonyl glycerol ether","[M+K-2H]-",92.7,"HMDB0013657",FALSE,TRUE
402.999324633792,786,0.0164609960334949,0.00894273415758222,2.15929856778921,1494,402.999324633792,TRUE,FALSE,"Uridine diphosphate","[M-H]-",45.4,"HMDB0000295",FALSE,FALSE
403.261894299645,52805,0.555090348171,1.04095648471689,17.493424850136,50380,403.261894299645,FALSE,TRUE,NA,NA,NA,NA,FALSE,TRUE
404.259107624263,54586,0.566725429704716,0.956301238202564,15.0029577306593,51436,404.259107624263,FALSE,TRUE,NA,NA,NA,NA,FALSE,TRUE
405.243118425178,38601,0.385114587924196,0.430144008411184,8.52430886558627,34953,405.243118425178,FALSE,TRUE,NA,NA,NA,NA,FALSE,TRUE
405.278300823753,27949,0.27961657117673,0.30984557635003,10.1434264020893,25378,405.278300823753,FALSE,TRUE,NA,NA,NA,NA,FALSE,TRUE
407.221597548527,48577,0.477655354781842,0.504141030711881,7.87142530749019,43352,407.221597548527,FALSE,TRUE,NA,NA,NA,NA,FALSE,TRUE
409.236912484246,80294,0.854098721903922,2.25473709089845,26.9626472034871,77518,409.236912484246,FALSE,TRUE,NA,NA,NA,NA,FALSE,TRUE
410.240392932802,45017,0.491119435874835,0.570387234899408,10.1734385926859,44574,410.240392932802,FALSE,TRUE,NA,NA,NA,NA,FALSE,TRUE
410.367116434484,1102,0.0101366240634641,0.00603646028537127,2.13786670134158,920,410.367116434484,TRUE,FALSE,"Tricosanoylglycine","[M-H]-",61.6,"HMDB0013314",FALSE,FALSE
411.301377053157,79452,0.84724548259145,1.08382308612523,7.84574843113233,76896,411.301377053157,FALSE,TRUE,NA,NA,NA,NA,FALSE,TRUE
415.225501370659,36206,0.39304759806082,0.487465620129034,10.5614518236063,35673,415.225501370659,FALSE,TRUE,NA,NA,NA,NA,FALSE,TRUE
417.241425502259,80674,0.888750550903482,4.82031676750673,64.5999752994936,80663,417.241425502259,FALSE,TRUE,NA,NA,NA,NA,FALSE,TRUE
418.245873365728,56745,0.60723887174967,1.32979530761893,19.7735347666814,55113,418.245873365728,FALSE,TRUE,NA,NA,NA,NA,FALSE,TRUE
418.273527119205,21861,0.233098281181137,0.301965363073121,7.97511231736077,21156,418.273527119205,FALSE,TRUE,NA,NA,NA,NA,FALSE,TRUE
419.256944382134,88339,0.966119435874835,7.29069777180479,90.4389079955077,87685,419.256944382134,FALSE,TRUE,NA,NA,NA,NA,FALSE,TRUE
420.260620868695,68039,0.721672542970472,1.78296180358884,24.6108375325845,65499,420.260620868695,FALSE,TRUE,NA,NA,NA,NA,FALSE,TRUE
421.266174401605,39570,0.361304539444689,0.429044035545181,8.82808115195289,32792,421.266174401605,FALSE,TRUE,NA,NA,NA,NA,FALSE,TRUE
423.253516972009,28708,0.311062141912737,0.244735528471354,5.19238339751819,28232,423.253516972009,FALSE,TRUE,NA,NA,NA,NA,FALSE,TRUE
426.024805916636,17598,0.161833406787131,0.106511766761318,4.32019253705306,14688,426.024805916636,TRUE,FALSE,"Adenosine diphosphate","[M-H]-",68.7,"HMDB0001341",FALSE,TRUE
431.219579068213,35515,0.393895989422653,0.311013093558018,4.29710628672312,35750,431.219579068213,FALSE,TRUE,NA,NA,NA,NA,FALSE,TRUE
433.236932194119,36895,0.335489202291758,0.288818058288578,5.60798837218851,30449,433.236932194119,FALSE,TRUE,NA,NA,NA,NA,FALSE,TRUE
435.252679693688,71082,0.741879682679595,1.63389604933655,24.8566889603745,67333,435.252679693688,FALSE,TRUE,NA,NA,NA,NA,FALSE,TRUE
436.256289352005,39360,0.394138386954606,0.435233475450654,10.2778124721206,35772,436.256289352005,FALSE,TRUE,NA,NA,NA,NA,FALSE,TRUE
436.283937001923,31602,0.346650506831203,0.565603144173037,16.602834941508,31462,436.283937001923,FALSE,TRUE,NA,NA,NA,NA,FALSE,TRUE
437.267718354592,65822,0.716031291317761,1.39053158246991,19.7929543572103,64987,437.267718354592,FALSE,TRUE,NA,NA,NA,NA,FALSE,TRUE
437.317086387997,54293,0.572553988541208,0.612845727201513,7.57731214683455,51965,437.317086387997,FALSE,TRUE,NA,NA,NA,NA,FALSE,TRUE
438.270990373984,36657,0.358417805200529,0.368203156346928,10.3132331270262,32530,438.270990373984,FALSE,TRUE,NA,NA,NA,NA,FALSE,TRUE
439.213715622719,8903,0.289720141031291,0.307171113194579,10.4507726725176,26295,439.213715622719,FALSE,TRUE,NA,NA,NA,NA,FALSE,TRUE
439.227407213913,41834,0.458175407668576,0.590125329256766,11.5138851219886,41584,439.227407213913,FALSE,TRUE,NA,NA,NA,NA,FALSE,TRUE
441.242091711058,32756,0.360379021595416,0.376610978727705,8.83581354441513,32708,441.242091711058,FALSE,TRUE,NA,NA,NA,NA,FALSE,TRUE
442.018110672824,2580,0.0299801674746584,0.0161795258759426,2.48082635605056,2721,442.018110672824,TRUE,FALSE,"Guanosine diphosphate","[M-H]-",88,"HMDB0001201",FALSE,FALSE
443.257952091414,33384,0.319942706037902,0.327921472345579,7.36033705953933,29038,443.257952091414,FALSE,TRUE,NA,NA,NA,NA,FALSE,TRUE
445.272331948952,51946,0.543091670339357,1.21991868927096,17.7292659675882,49291,445.272331948952,FALSE,TRUE,NA,NA,NA,NA,FALSE,TRUE
446.274456962084,33288,0.33326355222565,0.42165121058621,8.19085356961197,30247,446.274456962084,FALSE,TRUE,NA,NA,NA,NA,FALSE,TRUE
446.304640342383,19448,0.201950198325253,0.258023174013914,7.84895164741121,18329,446.304640342383,FALSE,TRUE,NA,NA,NA,NA,FALSE,TRUE
447.289194298408,47183,0.459927280740414,0.662646470282551,10.4565550602562,41743,447.289194298408,FALSE,TRUE,NA,NA,NA,NA,FALSE,TRUE
452.281208470314,36841,0.341295724988982,0.380483268822161,8.48051548697305,30976,452.281208470314,FALSE,TRUE,NA,NA,NA,NA,FALSE,TRUE
457.22530179219,100405,0.919766416923755,1.3032882182641,7.40735576085062,83478,457.22530179219,FALSE,TRUE,NA,NA,NA,NA,FALSE,TRUE
458.267370847479,29933,0.285235786690172,0.250402121143573,5.20112182312714,25888,458.267370847479,FALSE,TRUE,NA,NA,NA,NA,FALSE,TRUE
459.249190686143,37797,0.427666372851476,0.365771533908559,4.98699178616287,38815,459.249190686143,FALSE,TRUE,NA,NA,NA,NA,FALSE,TRUE
460.283953951315,31226,0.340612604671662,0.459708813590055,9.74586084306755,30914,460.283953951315,FALSE,TRUE,NA,NA,NA,NA,FALSE,TRUE
462.299198932988,64551,0.697873512560599,1.55275922703528,20.3858090753425,63339,462.299198932988,FALSE,TRUE,NA,NA,NA,NA,FALSE,TRUE
463.248218592812,46999,0.534299250771265,0.673443444979149,11.4093393245357,48493,463.248218592812,FALSE,TRUE,NA,NA,NA,NA,FALSE,TRUE
463.284044141944,22618,0.278768179814896,0.277848603935644,7.64125618635504,25301,463.284044141944,FALSE,TRUE,NA,NA,NA,NA,FALSE,TRUE
463.302944430686,31465,0.348776994270604,0.417601162851736,9.62123321952259,31655,463.302944430686,FALSE,TRUE,NA,NA,NA,NA,FALSE,TRUE
464.313629150834,36319,0.368080652269722,0.592678483305524,13.8817799827166,33407,464.313629150834,FALSE,TRUE,NA,NA,NA,NA,FALSE,TRUE
465.30759785566,50876,0.491240634640811,0.813428154203789,46.1661826290314,44585,465.30759785566,TRUE,TRUE,"Cholesterol sulfate","[M-H]-",65.7,"HMDB0000653",FALSE,TRUE
466.306951829848,24213,0.269215513442045,0.285450516211944,15.66748739294,24434,466.306951829848,FALSE,TRUE,NA,NA,NA,NA,FALSE,TRUE
478.259531239666,32942,0.319590127809608,0.359065263315715,17.8800817668353,29006,478.259531239666,FALSE,TRUE,NA,NA,NA,NA,FALSE,TRUE
478.294859612501,49926,0.513717496694579,0.860716847831539,18.7604959047305,46625,478.294859612501,FALSE,TRUE,NA,NA,NA,NA,FALSE,TRUE
479.29700842423,24129,0.260478184222124,0.257511058770518,5.69990906823102,23641,479.29700842423,FALSE,TRUE,NA,NA,NA,NA,FALSE,TRUE
480.273309664393,30127,0.288926840017629,0.258795262325862,7.75373292460693,26223,480.273309664393,FALSE,TRUE,NA,NA,NA,NA,FALSE,TRUE
480.3097674817,79962,0.85792199206699,2.43142427571446,25.9832410738484,77865,480.3097674817,FALSE,TRUE,NA,NA,NA,NA,FALSE,TRUE
481.31373601187,49113,0.52313794623182,0.686088177299955,10.3544511380102,47480,481.31373601187,FALSE,TRUE,NA,NA,NA,NA,FALSE,TRUE
482.269954225548,32285,0.298931247245483,0.234041906374427,5.60724499523356,27131,482.269954225548,FALSE,TRUE,NA,NA,NA,NA,FALSE,TRUE
485.232955980549,30441,0.360345967386514,0.700856005943425,10.399169808124,32705,485.232955980549,FALSE,TRUE,NA,NA,NA,NA,FALSE,TRUE
486.238672443626,27270,0.297785368003526,0.294888769693666,6.85798598303209,27027,486.238672443626,FALSE,TRUE,NA,NA,NA,NA,FALSE,TRUE
486.299579164001,28831,0.281721022476862,0.261116739864917,5.85157165042816,25569,486.299579164001,FALSE,TRUE,NA,NA,NA,NA,FALSE,TRUE
488.314780543493,41336,0.43415601586602,0.744151668904875,12.829864619115,39404,488.314780543493,FALSE,TRUE,NA,NA,NA,NA,FALSE,TRUE
489.263886762906,22605,0.2974548259145,0.286587189589675,6.47192993417547,26997,489.263886762906,FALSE,TRUE,NA,NA,NA,NA,FALSE,TRUE
489.320535870037,21989,0.23195240193918,0.228980738942617,5.7393704478972,21052,489.320535870037,FALSE,TRUE,NA,NA,NA,NA,FALSE,TRUE
490.329761831446,24184,0.249173644777435,0.255359489542237,6.4539195927661,22615,490.329761831446,FALSE,TRUE,NA,NA,NA,NA,FALSE,TRUE
491.280317564424,33675,0.376641692375496,0.38680995210969,7.45444167142339,34184,491.280317564424,FALSE,TRUE,NA,NA,NA,NA,FALSE,TRUE
498.263857359082,34955,0.324405024239753,0.283873007764713,7.69244831835729,29443,498.263857359082,FALSE,TRUE,NA,NA,NA,NA,FALSE,TRUE
498.291503462525,4708,0.101178933450859,0.0594219699233732,3.02275636390902,9183,498.291503462525,TRUE,FALSE,"Taurodeoxycholic acid","[M-H]-",79.7,"HMDB0000896",FALSE,TRUE
500.278446290707,52446,0.57995813133539,0.987370895297976,15.5917104895868,52637,500.278446290707,TRUE,TRUE,"LPE(20:4)","[M-H]-",98.2,"HMDB0011487",FALSE,TRUE
501.281964433737,28940,0.317761128250331,0.31269249972516,9.17756446991404,28840,501.281964433737,FALSE,TRUE,NA,NA,NA,NA,FALSE,TRUE
502.291813052152,48001,0.485566328779198,0.534567819530428,8.31855535394695,44070,502.291813052152,FALSE,TRUE,NA,NA,NA,NA,FALSE,TRUE
504.27477644616,26552,0.284806081974438,0.290283907496697,9.21010569302995,25849,504.27477644616,FALSE,TRUE,NA,NA,NA,NA,FALSE,TRUE
505.988733931552,872,0.00754737769942706,0.00357976555404925,1.55300719680969,685,505.988733931552,TRUE,FALSE,"Adenosine triphosphate","[M-H]-",97.4,"HMDB0000538",FALSE,FALSE
506.289509714226,64852,0.69944909651829,2.1597063753226,65.3780359812828,63482,506.289509714226,FALSE,TRUE,NA,NA,NA,NA,FALSE,TRUE
506.325391087535,44621,0.468851917144116,0.77984614460148,13.6478864164402,42553,506.325391087535,FALSE,TRUE,NA,NA,NA,NA,FALSE,TRUE
507.293471674628,38296,0.430277655354782,0.644126609211682,18.1685840287906,39052,507.293471674628,FALSE,TRUE,NA,NA,NA,NA,FALSE,TRUE
507.327273985424,25477,0.248710885852799,0.248783017140453,6.09276726777213,22573,507.327273985424,FALSE,TRUE,NA,NA,NA,NA,FALSE,TRUE
508.302586026619,36587,0.348953283384751,0.336044483827897,7.4118047260041,31671,508.302586026619,FALSE,TRUE,NA,NA,NA,NA,FALSE,TRUE
508.340660574057,37937,0.396077567210225,0.454260752554265,8.6786980927737,35948,508.340660574057,FALSE,TRUE,NA,NA,NA,NA,FALSE,TRUE
509.031987041544,452,0.0119986778316439,0.00539100089190393,1.22620421287423,1089,509.031987041544,TRUE,FALSE,"CDP-N-dimethylethanolamine","[M+K-2H]-",33.2,"HMDB0304286",FALSE,FALSE
509.291873402829,27164,0.29084398413398,0.238786626976679,7.72145025025362,26397,509.291873402829,FALSE,TRUE,NA,NA,NA,NA,FALSE,TRUE
512.274515853913,7784,0.146364037020714,0.0961744664401506,4.20682501707036,13284,512.274515853913,TRUE,FALSE,"Sulfolithocholylglycine","[M-H]-",43.7,"HMDB0002639",FALSE,TRUE
514.275661862369,4670,0.119094314676069,0.0733427133503693,3.12910324654343,10809,514.275661862369,TRUE,FALSE,"Taurocholic acid","[M-H]-",15.1,"HMDB0000036",FALSE,TRUE
519.309785349238,31035,0.310665491405906,0.293424629450952,5.85485100375704,28196,519.309785349238,FALSE,TRUE,NA,NA,NA,NA,FALSE,TRUE
524.278231685679,23481,0.253613926840018,0.242526892447747,5.22922069022231,23018,524.278231685679,FALSE,TRUE,NA,NA,NA,NA,FALSE,TRUE
526.258286473744,47347,0.516802556192155,1.17061934719161,23.3545572399673,46905,526.258286473744,FALSE,TRUE,NA,NA,NA,NA,FALSE,TRUE
526.293457288129,26333,0.246066549140591,0.225021065369603,6.03483428806994,22333,526.293457288129,TRUE,FALSE,"LPE 22:5","[M-H]-",95.7,"HMDB0011494",FALSE,TRUE
527.261903044188,33060,0.356974438078449,0.446698125984939,10.242204532566,32399,527.261903044188,FALSE,TRUE,NA,NA,NA,NA,FALSE,TRUE
528.27334649517,74034,0.796683561040106,4.41148408978033,74.7638927909198,72307,528.27334649517,FALSE,TRUE,NA,NA,NA,NA,FALSE,TRUE
528.308642889256,29237,0.290722785368004,0.278913577332139,5.98552461934801,26386,528.308642889256,FALSE,TRUE,NA,NA,NA,NA,FALSE,TRUE
529.276763251525,57199,0.573325253415602,1.37553604350589,25.8404093416027,52035,529.276763251525,FALSE,TRUE,NA,NA,NA,NA,FALSE,TRUE
530.285547024957,53568,0.524482150727193,0.884342621182318,19.1707899066902,47602,530.285547024957,FALSE,TRUE,NA,NA,NA,NA,FALSE,TRUE
531.296763687418,30525,0.313915821947995,0.31849526655919,7.21205914154081,28491,531.296763687418,FALSE,TRUE,NA,NA,NA,NA,FALSE,TRUE
532.308720642161,27181,0.260434111943588,0.260098955148232,11.7075764547772,23637,532.308720642161,FALSE,TRUE,NA,NA,NA,NA,FALSE,TRUE
534.285327119527,33667,0.322157338034376,0.302467526322472,6.55460900280503,29239,534.285327119527,FALSE,TRUE,NA,NA,NA,NA,FALSE,TRUE
534.323203749271,31076,0.299966945791097,0.297965110011829,8.02920811569857,27225,534.323203749271,FALSE,TRUE,NA,NA,NA,NA,FALSE,TRUE
536.505042212937,39057,0.420085940943147,0.582117171370814,10.5247158968997,38127,536.505042212937,FALSE,TRUE,NA,NA,NA,NA,FALSE,TRUE
546.280997125631,28688,0.258120317320405,0.242376466719844,7.20793903987299,23427,546.280997125631,FALSE,TRUE,NA,NA,NA,NA,FALSE,TRUE
552.273603270801,41694,0.453735125605994,0.973036513812033,21.993796195952,41181,552.273603270801,FALSE,TRUE,NA,NA,NA,NA,FALSE,TRUE
553.27755913534,35682,0.351939180255619,0.515537352728063,10.2046751194609,31942,553.27755913534,FALSE,TRUE,NA,NA,NA,NA,FALSE,TRUE
554.288160795565,45016,0.452247686205377,0.881642344011693,18.9834530550156,41046,554.288160795565,FALSE,TRUE,NA,NA,NA,NA,FALSE,TRUE
555.292361672989,26490,0.286789334508594,0.330267151006192,7.70917235440589,26029,555.292361672989,FALSE,TRUE,NA,NA,NA,NA,FALSE,TRUE
556.26968645736,41566,0.402633318642574,0.534148058174594,10.1229798496879,36543,556.26968645736,FALSE,TRUE,NA,NA,NA,NA,FALSE,TRUE
556.304904588967,28428,0.312042750110181,0.390420774067526,9.73787462457665,28321,556.304904588967,FALSE,TRUE,NA,NA,NA,NA,FALSE,TRUE
558.070608671865,580,0.0147421771705597,0.00672965909984922,1.47583335948205,1338,558.070608671865,TRUE,FALSE,"ADP-ribose","[M-H]-",44.3,"HMDB0001178",FALSE,FALSE
563.337294401401,47447,0.477842661965624,0.43829059517329,7.08147697196248,43369,563.337294401401,FALSE,TRUE,NA,NA,NA,NA,FALSE,TRUE
565.048173726715,457,0.00953063023358308,0.00464146379502587,1.76460568163441,865,565.048173726715,TRUE,FALSE,"Uridine diphosphate glucose","[M-H]-",96.2,"HMDB0000286",FALSE,FALSE
571.289404206781,23358,0.252688408990745,0.257295266660528,7.02345998993966,22934,571.289404206781,FALSE,TRUE,NA,NA,NA,NA,FALSE,TRUE
576.023784183893,234,0.00257822829440282,0.00111188287207102,0.914039409634089,234,576.023784183893,TRUE,FALSE,"Cyclic-ADP-ribose","[M+Cl]-",41.6,"HMDB0249529",FALSE,FALSE
579.033201997307,175,0.00426399294843543,0.00207171984215265,1.79309219705914,387,579.033201997307,TRUE,FALSE,"UDP-hexuronic acid","[M-H]-",46.5,"HMDB0000935",FALSE,FALSE
581.309546552313,34217,0.336822388717497,0.506564154686219,13.1508475097156,30570,581.309546552313,FALSE,TRUE,NA,NA,NA,NA,FALSE,TRUE
591.367422517996,30594,0.299878801234024,0.241915471937085,4.82756603439107,27217,591.367422517996,FALSE,TRUE,NA,NA,NA,NA,FALSE,TRUE
599.321644533627,41031,0.422014103129132,0.680867744408938,17.9013044916379,38302,599.321644533627,TRUE,TRUE,"LPI(18:0)","[M-H]-",87.8,"HMDB0240261",FALSE,TRUE
606.072948875754,851,0.00991626267078008,0.00531178719447166,2.26295566173277,900,606.072948875754,TRUE,FALSE,"Uridine diphosphate-N-acetylhexosamine","[M-H]-",88.9,"HMDB0000290",FALSE,FALSE
610.270090611528,58666,0.569733362714852,0.414509257663943,3.80376178445992,51709,610.270090611528,FALSE,TRUE,NA,NA,NA,NA,FALSE,TRUE
611.146048471952,1147,0.028085059497576,0.012790954986156,1.62455250328314,2549,611.146048471952,TRUE,FALSE,"Oxidized glutathione","[M-H]-",88.8,"HMDB0003337",FALSE,FALSE
615.17764784054,2885,0.0641361833406787,0.0318701224861014,2.01604239387965,5821,615.17764784054,TRUE,FALSE,"heme","[M-H]-",38,"HMDB0003178",FALSE,TRUE
616.471156931196,59620,0.645449537241075,1.82247822955781,37.2748800952671,58581,616.471156931196,FALSE,TRUE,NA,NA,NA,NA,FALSE,TRUE
617.474533013627,35958,0.386932569413839,0.69246474112726,16.8113205817929,35118,617.474533013627,FALSE,TRUE,NA,NA,NA,NA,FALSE,TRUE
618.482045892706,20133,0.20474878801234,0.246902382527585,8.12370980251775,18583,618.482045892706,FALSE,TRUE,NA,NA,NA,NA,FALSE,TRUE
621.302596756878,34436,0.374845747025121,0.357948846577989,6.76266456348966,34021,621.302596756878,FALSE,TRUE,NA,NA,NA,NA,FALSE,TRUE
625.177620151642,3424,0.0870096959012781,0.0431387239935024,1.9665223637674,7897,625.177620151642,TRUE,FALSE,"hydroxytrimethoxyxanthone hexosylhexoside","[M-H]-",98.3,"HMDB0036014",FALSE,TRUE
634.409375941771,38471,0.412891141472014,0.408031284286233,7.14158625668574,37474,634.409375941771,FALSE,TRUE,NA,NA,NA,NA,FALSE,TRUE
642.487392420775,30450,0.326806963420009,0.430648503085157,10.8303851074154,29661,642.487392420775,FALSE,TRUE,NA,NA,NA,NA,FALSE,TRUE
645.450484913766,38710,0.41364037020714,0.828197970920986,23.0985025506006,37542,645.450484913766,FALSE,TRUE,NA,NA,NA,NA,FALSE,TRUE
646.453931016805,23488,0.248093873953283,0.334948936911583,10.9482968570018,22517,646.453931016805,FALSE,TRUE,NA,NA,NA,NA,FALSE,TRUE
647.464874317689,35362,0.366934773027766,0.510720870322553,10.8353774013795,33303,647.464874317689,FALSE,TRUE,NA,NA,NA,NA,FALSE,TRUE
650.405124042815,31173,0.325066108417805,0.25985002973396,4.58017140708192,29503,650.405124042815,FALSE,TRUE,NA,NA,NA,NA,FALSE,TRUE
651.15869190536,6117,0.0781842221242838,0.0377372519327683,1.91182934285101,7096,651.15869190536,TRUE,FALSE,"Heme","[M+Cl]-",7.9,"HMDB0003178",FALSE,TRUE
664.120413606017,2632,0.0249338915821948,0.0141453074847877,2.93840238093286,2263,664.120413606017,TRUE,FALSE,"NADH","[M-H]-",78,"HMDB0001487",FALSE,FALSE
664.419370501744,44938,0.473512560599383,0.420123124443351,6.95968260776324,42976,664.419370501744,FALSE,TRUE,NA,NA,NA,NA,FALSE,TRUE
671.465682116183,31598,0.337935213750551,0.562913353982714,13.8550564517631,30671,671.465682116183,FALSE,TRUE,NA,NA,NA,NA,FALSE,TRUE
672.47167346124,25839,0.264940502423975,0.366832864194972,10.2839095430588,24046,672.47167346124,FALSE,TRUE,NA,NA,NA,NA,FALSE,TRUE
673.481367136036,65136,0.70343763772587,2.46374890013839,45.7762734228775,63844,673.481367136036,FALSE,TRUE,NA,NA,NA,NA,FALSE,TRUE
674.485450003644,44135,0.468289995592772,1.01585202333269,22.6884253209213,42502,674.485450003644,FALSE,TRUE,NA,NA,NA,NA,FALSE,TRUE
675.490605355258,24350,0.244645218157779,0.302869388388412,8.34374968139229,22204,675.490605355258,FALSE,TRUE,NA,NA,NA,NA,FALSE,TRUE
687.497416719419,25233,0.263420008814456,0.243727031038897,6.0939991497774,23908,687.497416719419,FALSE,TRUE,NA,NA,NA,NA,FALSE,TRUE
687.544868362326,66032,0.712494490965183,2.12056547917227,40.5191380669004,64666,687.544868362326,FALSE,TRUE,NA,NA,NA,NA,FALSE,TRUE
688.547933382396,44089,0.473655795504628,0.906966675744775,20.0737244324567,42989,688.547933382396,FALSE,TRUE,NA,NA,NA,NA,FALSE,TRUE
689.555484311974,25039,0.262031732040546,0.331663761561822,10.6828330644242,23782,689.555484311974,FALSE,TRUE,NA,NA,NA,NA,FALSE,TRUE
695.465492549777,19082,0.201002644336712,0.28767025548467,11.1007951104497,18243,695.465492549777,FALSE,TRUE,NA,NA,NA,NA,FALSE,TRUE
697.481119353739,20573,0.217331423534597,0.295479359199733,9.99110573809421,19725,697.481119353739,FALSE,TRUE,NA,NA,NA,NA,FALSE,TRUE
699.497052729114,47310,0.508307624504187,1.14726911931235,23.3739290487981,46134,699.497052729114,FALSE,TRUE,NA,NA,NA,NA,FALSE,TRUE
700.500862870726,34167,0.359828118113706,0.601483797894359,13.6085348130532,32658,700.500862870726,FALSE,TRUE,NA,NA,NA,NA,FALSE,TRUE
700.529852194867,16149,0.189169237549581,0.277601104932271,12.0352890451395,17169,700.529852194867,FALSE,TRUE,NA,NA,NA,NA,FALSE,TRUE
701.514216731403,50610,0.497895548699868,1.07520726490825,24.6294651972767,45189,701.514216731403,FALSE,TRUE,NA,NA,NA,NA,FALSE,TRUE
702.515498267179,30903,0.317695019832525,0.482846471192277,11.101409451724,28834,702.515498267179,FALSE,TRUE,NA,NA,NA,NA,FALSE,TRUE
714.510671147668,14109,0.146209784045835,0.152762897975832,5.5220058074428,13270,714.510671147668,TRUE,FALSE,"PE(34:2)","[M-H]-",80.8,"HMDB0008835",FALSE,TRUE
716.524027065962,47060,0.509001762891142,1.23847939354864,28.0591081125555,46197,716.524027065962,FALSE,TRUE,NA,NA,NA,NA,FALSE,TRUE
717.525638445534,32459,0.33271264874394,0.546574226437204,13.5658518788763,30197,717.525638445534,FALSE,TRUE,NA,NA,NA,NA,FALSE,TRUE
718.537969500189,38832,0.39648523578669,0.584777600995588,13.2128061390486,35985,718.537969500189,FALSE,TRUE,NA,NA,NA,NA,FALSE,TRUE
721.485675047116,20045,0.184629792860291,0.236672287647626,8.86084178138929,16757,721.485675047116,FALSE,TRUE,NA,NA,NA,NA,FALSE,TRUE
722.513644629093,24158,0.276344204495372,0.497948121631715,15.5053895862232,25081,722.513644629093,FALSE,TRUE,NA,NA,NA,NA,FALSE,TRUE
723.504729636418,30317,0.267639929484354,0.391338902426033,11.7313500979202,24291,723.504729636418,FALSE,TRUE,NA,NA,NA,NA,FALSE,TRUE
725.514639666672,22120,0.217474658439841,0.279659689882156,8.6318223408437,19738,725.514639666672,FALSE,TRUE,NA,NA,NA,NA,FALSE,TRUE
728.52664392258,18765,0.201421330982812,0.243197901051295,6.56356741124953,18281,728.52664392258,FALSE,TRUE,NA,NA,NA,NA,FALSE,TRUE
738.509240135961,8522,0.0857426178933451,0.0836471936966222,5.43353895577286,7782,738.509240135961,TRUE,FALSE,"PE(36:4)","[M-H]-",91.1,"HMDB0008937",FALSE,TRUE
742.539766283132,33462,0.357271925958572,0.696039123863587,18.2936919848892,32426,742.539766283132,TRUE,TRUE,"PE(36:2)","[M-H]-",96.4,"HMDB0008843",FALSE,TRUE
743.543361085081,21954,0.232734684883208,0.336531608975547,9.25058003389447,21123,743.543361085081,FALSE,TRUE,NA,NA,NA,NA,FALSE,TRUE
744.555032298679,63957,0.694645218157779,2.54509603290516,53.6163584221927,63046,744.555032298679,FALSE,TRUE,NA,NA,NA,NA,FALSE,TRUE
745.558481059398,45265,0.486425738210665,1.15311018318313,22.8678996321183,44148,745.558481059398,FALSE,TRUE,NA,NA,NA,NA,FALSE,TRUE
746.562919166728,23581,0.246749669457911,0.328644578632638,7.96950014120305,22395,746.562919166728,FALSE,TRUE,NA,NA,NA,NA,FALSE,TRUE
748.529092745698,19606,0.229396209784046,0.382360522443457,12.2327376797431,20820,748.529092745698,FALSE,TRUE,NA,NA,NA,NA,FALSE,TRUE
750.544241385253,24634,0.258450859409431,0.445520625902447,14.1754599264118,23457,750.544241385253,FALSE,TRUE,NA,NA,NA,NA,FALSE,TRUE
762.510107673519,6795,0.0749559277214632,0.0734097337602243,4.73563622830463,6803,762.510107673519,TRUE,FALSE,"PE(38:6)","[M-H]-",85.7,"HMDB0008946",FALSE,TRUE
766.539047028486,27641,0.293510356985456,0.546833967598903,15.8773888098898,26639,766.539047028486,TRUE,TRUE,"PE(38:4)","[M-H]-",98.8,"HMDB0008943",FALSE,TRUE
767.54350713043,17252,0.184244160423094,0.255125319549671,9.7892546924805,16722,767.54350713043,FALSE,TRUE,NA,NA,NA,NA,FALSE,TRUE
768.553251083289,20229,0.211326575583958,0.300517209080377,8.57625967895766,19180,768.553251083289,FALSE,TRUE,NA,NA,NA,NA,FALSE,TRUE
770.570429807619,27563,0.292661965623623,0.539990282859737,14.3669736802885,26562,770.570429807619,FALSE,TRUE,NA,NA,NA,NA,FALSE,TRUE
771.57457314768,17051,0.184001762891141,0.248030015425893,8.72850240116025,16700,771.57457314768,FALSE,TRUE,NA,NA,NA,NA,FALSE,TRUE
772.585681263396,21217,0.226851035698546,0.296294836653348,7.92878853669127,20589,772.585681263396,FALSE,TRUE,NA,NA,NA,NA,FALSE,TRUE
